date,val_perMW_interval_exante,portfolio_pln_interval_exante_capped,val_perMW_interval_expost,portfolio_pln_interval_expost_capped,budget_pln_interval
2024-06-30,953.4067501720904,44702.2734926968,385.76,19288.0,798627.663
2024-07-01,21547.315770632442,618577.2170120456,6642.955,332147.75,10743099.80075
2024-07-02,6317.868800597216,307437.4297091344,1929.765,96488.25,5782784.634
2024-07-03,3769.2387504681237,186908.98309710363,952.9275,47646.375,4320682.548
2024-07-04,6361.984820548296,293080.76221872494,2025.2525,101262.625,5749694.9775
2024-07-05,6491.500369185232,290969.1337512955,2135.375,106768.75,5204515.33125
2024-07-06,1563.3435129014852,78167.17564507425,286.96500000000003,14348.25,1715575.76475
2024-07-07,2811.7601319625455,139845.06172409884,863.6274999999999,43181.375,2784834.206
2024-07-08,12357.721698640127,330775.9140758889,3412.72,170636.0,5970744.39125
2024-07-09,7614.8232677698015,279869.14803733944,2086.1875,104309.375,5250139.38775
2024-07-10,13304.16684978967,505704.10908166255,4790.3925,239519.625,8409085.19425
2024-07-11,21678.321266995972,583788.6998921803,5904.2175,295210.875,9976097.0655
2024-07-12,7466.084885433046,342293.9285873155,2953.68,147684.0,6521532.04025
2024-07-13,7429.663513348019,329765.5562387038,2823.2275,141161.375,6303737.80175
2024-07-14,3712.1303576203413,170285.3334281311,1496.0075,74800.375,3090256.56275
2024-07-15,67201.98262340289,464074.06904525077,5776.455,288822.75,8032503.433
2024-07-16,29526.232659607365,490702.5661125977,5701.2425,285062.125,8803519.80825
2024-07-17,15821.51683899087,352344.07482038304,3700.8175,185040.875,6702150.38225
2024-07-18,42101.42743658296,457451.0542839844,5585.46,279273.0,7881593.90625
2024-07-19,14883.206367573928,296955.51604129304,2933.7475,146687.375,5452102.16275
2024-07-20,22765.64605937927,470345.76890860626,4676.9475,233847.375,7756546.5395
2024-07-21,15006.552436689899,500376.9295290283,4010.335,200516.75,7831081.078
2024-07-22,6237.224714179069,306762.7957172796,1956.8200000000002,97841.0,5628650.888
2024-07-23,15612.667130640632,394608.8457846623,3628.35,181417.5,7014549.83375
2024-07-24,4746.769696953712,237338.48484768558,1318.625,65931.25,4994482.5285
2024-07-25,11198.136268229548,403528.37206475926,3720.7925,186039.625,7342530.4465
2024-07-26,9581.376641101813,334565.47890820215,2868.125,143406.25,5953227.83675
2024-07-27,10006.466118572285,410304.4822994858,2981.5150000000003,149075.75,6954309.2735
2024-07-28,4800.395904688435,236607.93742045108,1149.5075,57475.375,4393675.431
2024-07-29,2949.3562752473263,143152.99183953358,926.6049999999999,46330.24999999999,2645412.09875
2024-07-30,8532.43981162615,331225.18884578225,2621.4775,131073.875,5650870.1445
2024-07-31,6828.738338544932,264425.7638809436,1955.3449999999998,97767.25,4850884.0915
2024-08-01,5651.523866470149,272726.0628375497,1764.33,88216.5,4866982.4705
2024-08-02,7522.573543898061,340285.35447404353,2528.6875,126434.375,5815570.03575
2024-08-03,828.2611627467386,41413.05813733693,27.784999999999997,1389.2499999999998,1146250.42225
2024-08-04,1937.576187696467,96843.95602825514,561.88,28094.0,1873536.362
2024-08-05,5369.077819124186,248647.25511781435,1950.4250000000002,97521.25,4416015.42775
2024-08-06,6533.625127099447,279736.9007937201,2076.075,103803.75,5227991.9875
2024-08-07,8388.426829805323,350294.2980647348,2587.0175,129350.875,6332731.7870000005
2024-08-08,10464.973946325179,358987.73241003737,3057.2,152860.0,6378920.28775
2024-08-09,12548.591070586828,423763.5887453823,3473.185,173659.25,6679199.06925
2024-08-10,8494.224174411276,387337.45947539806,2871.6875,143584.375,7116542.059
2024-08-11,18916.057160058634,306155.7189808589,3453.81,172690.5,7184877.8275
2024-08-12,17210.79441992878,400413.75952710543,3966.8725,198343.625,6997931.123
2024-08-13,9504.398256480457,286680.99432515196,2498.22,124911.0,4914643.8035
2024-08-14,7322.214158575528,258317.7144645219,2246.9125,112345.625,4597871.16325
2024-08-15,11076.392432110531,475157.25653918314,3668.395,183419.75,7782501.2530000005
2024-08-16,22581.08067408477,387638.70898613916,4249.38,212469.0,6634696.637
2024-08-17,9036.154208613209,335961.9876663661,2570.3925,128519.625,6002027.548
2024-08-18,3918.662523864621,187192.69092196683,1297.09,64854.5,3481244.0475
2024-08-19,29069.64494395546,425064.5728423971,4104.0875,205204.375,7492075.165
2024-08-20,56377.82890403152,624393.3273592235,6336.4825,316824.125,10277317.027
2024-08-21,19174.08394220362,574866.4147853027,5186.5425000000005,259327.125,9409658.6295
2024-08-22,11187.589409056443,445814.15931418934,3819.1525,190957.625,7327369.43675
2024-08-23,3768.5735028694935,187840.14003494632,1245.2625,62263.12499999999,3719081.3825
2024-08-24,9995.875025192434,371407.6646048092,3431.625,171581.25,5983396.32975
2024-08-25,5713.477811939081,264999.04857352696,2709.3825,135469.125,6040773.87075
2024-08-26,68313.073357282,471012.35797682113,5140.9475,257047.375,8008120.01475
2024-08-27,6974.316197307694,225328.97165506054,2125.8775,106293.875,4293970.989
2024-08-28,44602.60106482292,424704.30343479634,4739.1275,236956.375,7223901.99475
2024-08-29,391513.47099536535,801440.5535123993,9549.58,477479.0,12892694.5555
2024-08-30,35102.31745376314,533099.8208540628,5416.9800000000005,270849.0,9093301.572
2024-08-31,8894.43916583304,440761.36497593793,3000.5675,150028.375,7131707.9385
2024-09-01,4876.807647107569,241103.33808383995,1367.88,68394.0,4706888.56575
2024-09-02,109827.5885881978,641518.7182983449,7242.8325,362141.625,10754744.5365
2024-09-03,138113.38239208463,353680.8215479156,4650.565,232528.25,6405291.0175
2024-09-04,32173.453483722453,394393.0893740674,4159.3675,207968.375,6966963.8692499995
2024-09-05,3073.762408094276,146504.0273493079,790.2825,39514.125,2868879.5125
2024-09-06,8792.24117659538,316839.31142521655,2828.6375000000003,141431.875,5198394.5005
2024-09-07,3086.84297027733,150352.3083266324,1056.9275000000002,52846.37500000001,3279457.2060000002
2024-09-08,4748.5521745486185,237401.79359965815,1474.8275,73741.37500000001,5129996.6515
2024-09-09,12694.283449797147,561573.8002500652,4657.0175,232850.875,9253767.67975
2024-09-10,27803.734730565975,481003.3552657933,4453.8775,222693.875,8155730.7215
2024-09-11,11906.597752400992,315620.93810060027,2451.5875,122579.375,5559986.40825
2024-09-12,8661.79848684033,333440.8007214529,2768.45,138422.5,6690255.94575
2024-09-13,12731.80798945796,529988.9804812946,6751.22,337561.0,10155281.2265
2024-09-14,758.9343026027519,37852.74391263669,116.28,5814.0,755505.971
2024-09-15,3720.92027223451,175890.98203288374,1240.5475,62027.375,3140656.391
2024-09-16,11161.831229275376,342575.07570248237,3510.535,175526.75,6224289.212
2024-09-17,10537.491006831919,351087.1081130881,3047.3374999999996,152366.875,6353499.81625
2024-09-18,6336.191407119254,288797.5044033347,2250.125,112506.25,5287389.10675
2024-09-19,4731.515768590434,232734.50067580177,1594.7425,79737.125,4464058.3125
2024-09-20,4284.316911833484,200988.44197568548,1507.3925,75369.625,3741644.6475
2024-09-21,9014.025521698519,347648.8229664727,2863.2775,143163.875,5835023.5835
2024-09-22,5396.7582777302805,230714.83030854753,1620.7849999999999,81039.25,4407502.60825
2024-09-23,30210.303950783175,451785.06682137697,4127.2075,206360.375,7637588.631
2024-09-24,4256.138172636791,209760.7998391465,994.345,49717.25,4015973.5535
2024-09-25,12276.370310052773,416415.56845068,3020.815,151040.75,6612906.08875
2024-09-26,7976.436377815185,397131.09437390836,2313.165,115658.25,6195918.69075
2024-09-27,2202.000579026423,109842.19526242642,612.6500000000001,30632.500000000004,2476521.25075
2024-09-28,10353.260297958788,431840.0883366721,2965.425,148271.25,6727194.587
2024-09-29,6136.26911732889,264148.3748480638,1660.4675000000002,83023.375,4468393.3005
2024-09-30,18899.168154614283,357872.51412332925,3814.15,190707.5,6063938.97725
2024-10-01,29033.93457214314,560363.4786477917,5447.96,272398.0,9129944.593
2024-10-02,40096.13786858084,803707.1320906053,8445.5775,422278.875,12815414.804
2024-10-03,34277.977162213654,810167.2561555397,8339.73,416986.5,12910162.96375
2024-10-04,9027.170916758634,376000.46597498585,2892.35,144617.5,6665551.33775
2024-10-05,2408.897613714326,120221.84491633278,209.565,10478.25,3041543.59775
2024-10-06,6437.066517835455,215724.33321131996,1904.1875,95209.375,3850772.34875
2024-10-07,19814.036848624022,324083.62249965424,3363.71,168185.5,5814117.75425
2024-10-08,5350.774980153529,237140.72316881575,1711.575,85578.75,4305919.55775
2024-10-09,8423.3220561908,388554.63794855395,2636.105,131805.25,6684758.576
2024-10-10,4180.835730967713,197488.7000115989,1187.5525,59377.625,3277532.39
2024-10-11,8152.810086344023,318867.8471946753,2329.88,116494.0,5485860.6985
2024-10-12,4584.275525998736,224747.04707499387,1203.955,60197.75,3918784.058
2024-10-13,2617.95251907702,122173.45386320018,303.21250000000015,15160.625000000007,2203486.008
2024-10-14,36653.39080139991,546838.3065143069,5522.6775,276133.875,8930065.632749999
2024-10-15,23336.534485469685,608285.8925626978,6016.1025,300805.125,10065696.433
2024-10-16,11870.837523388574,363794.85705098364,3272.7475,163637.375,5937174.6565
2024-10-17,6730.237828508482,269797.6401804375,2023.035,101151.75,4426359.83125
2024-10-18,8491.133952153185,390970.8383437865,2747.3425,137367.125,6569272.0235
2024-10-19,5113.842323663587,250628.41816053097,1305.955,65297.75,4366971.969
2024-10-20,2585.4231781537997,128236.53095928933,388.9525,19447.625,2066249.204
2024-10-21,20918.230153705957,565206.9697287203,5267.51,263375.5,8999117.4025
2024-10-22,6158.923683829688,222430.2317091385,1747.4425,87372.125,4268006.2235
2024-10-23,12682.813399546945,322571.28783990385,2961.805,148090.25,6118561.25275
2024-10-24,17726.48754872237,502190.59476136987,4826.9075,241345.375,8468611.141
2024-10-25,19322.2574227497,652235.8244626119,6051.175,302558.75,10332629.13075
2024-10-26,12356.353932075968,572203.7493734265,4875.3575,243767.875,9218918.151250001
2024-10-27,7861.459025059854,387864.30649156624,3039.815,151990.75,6453002.03925
2024-10-28,13655.048012599682,355626.93284919765,3229.5675,161478.375,6665592.327
2024-10-29,17578.466607182552,515498.937153508,4958.3425,247917.125,9158427.816
2024-10-30,14318.145435136868,604520.8881912021,5308.1725,265408.625,9851690.86275
2024-10-31,5318.136928697221,254130.8387731961,1665.1425000000002,83257.125,4773519.31625
2024-11-01,1735.8556300992573,86768.85425697282,377.44749999999993,18872.374999999996,1694534.93125
2024-11-02,3150.2218660122685,151863.26437417895,1009.155,50457.75,2870229.075
2024-11-03,2821.1712195061164,139799.37249300542,698.83,34941.5,2669183.3155
2024-11-04,21687.083834562847,455336.84952919616,4669.3325,233466.625,7998894.03625
2024-11-05,101567.07869919055,820745.9999324186,9108.0875,455404.375,13135651.10725
2024-11-06,76439.74343382637,840213.7808924657,10052.0475,502602.375,13938269.74425
2024-11-07,44696.11158839504,842813.5703417931,9380.95,469047.5,13740429.0875
2024-11-08,16783.853158013993,688444.894643823,5980.245,299012.25,10705267.27725
2024-11-09,18976.148076673475,816280.7464875227,7013.9625,350698.125,11908047.9005
2024-11-10,14799.351771128111,690178.8337940439,6146.1925,307309.625,10815329.12775
2024-11-11,12791.3069991582,592150.29470027,4959.595,247979.75,9434136.53775
2024-11-12,25898.838860865653,733399.1986525533,7903.195,395159.75,12331185.04825
2024-11-13,30753.085392408106,809675.6655656232,9074.92,453746.0,13402239.49775
2024-11-14,6353.8447699263015,313060.1766206465,2127.245,106362.25,5987854.2469999995
2024-11-15,7370.077737748892,336520.9943263249,2309.6949999999997,115484.75,6019202.33975
2024-11-16,4292.031858283077,214601.59291415385,1324.635,66231.75,3768433.483
2024-11-17,1952.9278810087915,96893.04757780075,203.30999999999995,10165.499999999996,2193583.419
2024-11-18,10335.120332457542,469570.3359438547,3732.4225,186621.125,7510709.103
2024-11-19,10127.219273605315,471859.69321630645,3792.6825,189634.125,8038441.84625
2024-11-20,7959.998725829584,382209.00174728775,2963.1925,148159.625,6616560.363
2024-11-21,20608.575032954795,583856.4232320285,5668.8975,283444.875,9907801.08425
2024-11-22,5377.313381928157,235361.3524439547,1657.015,82850.75,5246632.54125
2024-11-23,6818.115628187168,304434.9847699191,2103.105,105155.25,5382244.05725
2024-11-24,7585.315352826321,345219.4049843685,2280.9275000000002,114046.375,5427014.73475
2024-11-25,4699.047125976816,222509.17820176258,1254.325,62716.25,4179490.397
2024-11-26,30367.357815769352,678729.9928411342,6963.5875,348179.375,11276357.591
2024-11-27,11636.239460034321,396637.9953916043,3719.145,185957.25,7613860.145
2024-11-28,13803.361282129066,561742.7494027946,5003.115,250155.75,9063404.73175
2024-11-29,10098.386536430107,482143.5816605494,4187.045,209352.25,8646799.57625
2024-11-30,7949.208092554576,363605.4228786547,2838.4975,141924.875,6883730.12925
2024-12-01,4134.878487309873,197659.37530186702,1033.8875,51694.375,3841904.347
2024-12-02,13963.05085107666,579136.9963528961,4846.565,242328.25,9242454.32975
2024-12-03,30752.463032082334,820198.6763659177,8680.505,434025.25,13486665.4735
2024-12-04,41594.08487543289,813653.4630268224,9587.115,479355.75,13810832.92575
2024-12-05,13572.037080686589,475259.32769005117,5033.245,251662.25,8792160.2265
2024-12-06,5407.191263079496,263910.4086613423,1961.2125,98060.625,5057887.497
2024-12-07,8287.735369538834,394888.48495325417,3036.9425,151847.125,7124805.64425
2024-12-08,12148.511912375625,561861.5680133112,4251.8324999999995,212591.625,8683116.14725
2024-12-09,12422.283796546719,553845.0850696958,4514.855,225742.75,9138478.50125
2024-12-10,35016.00172370236,861533.5530794458,9211.6925,460584.625,13878746.217
2024-12-11,17587.677508191577,592823.2796997397,6496.39,324819.5,10450251.6765
2024-12-12,16037.414398232786,493421.1681328105,5147.5775,257378.875,9135387.5045
2024-12-13,7587.947033923555,350290.9191892668,3092.8224999999998,154641.125,7152611.68
2024-12-14,11067.836359535106,473143.89316743775,3588.765,179438.25,7615140.544749999
2024-12-15,2650.2465379685023,132107.0490294108,170.21250000000003,8510.625,2477159.6805
2024-12-16,3767.318059453489,183932.13659377818,634.9425,31747.125,3375897.97625
2024-12-17,4265.8774346539585,211010.2070094118,825.4075,41270.375,4215125.988
2024-12-18,10157.452140301564,293952.3866844608,2684.7,134235.0,5080110.09425
2024-12-19,1710.8709250949626,85472.60761671148,150.3225,7516.124999999999,1851086.0385
2024-12-20,2856.500762054584,142825.03810272922,450.40500000000003,22520.25,2885383.0752499998
2024-12-21,1676.4602567587683,83395.90469009978,147.5725,7378.624999999999,1608630.308
2024-12-22,6335.833708180315,308932.31782102823,1897.2875000000001,94864.375,5549721.8135
2024-12-23,6617.195613425699,319807.7164263167,2052.5225,102626.125,5811924.325
2024-12-24,5524.084535431238,276204.2267715619,1733.5475000000001,86677.375,4940660.61275
2024-12-25,3673.597805357171,172801.22616925152,696.2475000000001,34812.375,3254843.44775
2024-12-26,9371.48691921281,445949.7119503116,3267.6775000000002,163383.875,7419487.4350000005
2024-12-27,9254.079092363634,430292.44445624447,3377.06,168853.0,7138443.209
2024-12-28,9433.47265237241,452079.44597192574,3631.2425,181562.125,7985216.04775
2024-12-29,4011.8705649778594,200593.52824889298,947.5174999999999,47375.875,4039979.3815
2024-12-30,1342.7217210340596,66070.43621883978,113.75500000000001,5687.75,1288070.0832500001
2024-12-31,3187.9568644600995,159316.95766517235,576.4175,28820.874999999996,2825801.0715
2025-01-01,3049.845343940548,151780.07113455716,850.7475000000001,42537.375,3344166.1475
2025-01-02,5785.4260428234265,277969.6837631672,2522.8275000000003,126141.375,5918475.36925
2025-01-03,4627.21038767425,231360.51938371253,1109.6875,55484.375,4193672.006
2025-01-04,5382.6592747970135,266847.20695872285,1822.645,91132.25,5254546.55225
2025-01-05,10890.07360799822,523412.87594166584,3761.2075,188060.375,8058809.372
2025-01-06,1504.7759848286187,75238.79924143093,116.2575,5812.875,1450276.51725
2025-01-07,6027.81845110411,286633.2636795125,2083.5675,104178.375,4888897.65075
2025-01-08,9942.739306989617,452505.3302454277,3624.395,181219.75,7436234.758
2025-01-09,2543.973631988311,127198.35433995268,417.645,20882.25,3205458.5665
2025-01-10,5213.632137001541,255773.2344314007,1668.0075,83400.375,4904822.57875
2025-01-11,3019.305294037063,150965.26470185316,362.08500000000004,18104.25,3435654.90725
2025-01-12,2518.4453560900656,125922.2678045033,515.03,25751.499999999996,2944457.35825
2025-01-13,19520.68465327566,673878.6666532641,6110.6375,305531.875,10645518.32325
2025-01-14,16804.01830367193,590404.0715447149,5319.97,265998.5,9774396.482
2025-01-15,49778.194281081545,1038600.7286101948,12231.6525,611582.625,16500522.50875
2025-01-16,13290.796540481799,603454.1765251026,5396.8525,269842.625,10202884.87825
2025-01-17,17130.44832764232,659687.8177205713,6149.8825,307494.125,10861708.95325
2025-01-18,6887.545958294899,344377.29791474494,2676.5425,133827.125,6703089.469
2025-01-19,12666.4476420787,585091.8641610416,4996.6325,249831.625,9625472.839
2025-01-20,9974.639837227816,450487.127074131,3759.0099999999998,187950.5,8051585.73775
2025-01-21,21008.08285205516,677164.8750850741,6593.735,329686.75,11419812.168
2025-01-22,19482.16704185258,743758.492551409,6889.845,344492.25,11715007.30475
2025-01-23,8741.84420342532,411332.61215690087,3003.825,150191.25,6835537.0215
2025-01-24,2313.5751044729886,115678.75522364942,519.575,25978.75,2547075.856
2025-01-25,6993.403560650686,349670.1780325343,2464.81,123240.5,6227042.950999999
2025-01-26,3569.223809441704,178461.19047208517,1152.6225,57631.125,3461066.64925
2025-01-27,2920.831751948108,145759.18150384197,721.7075,36085.375,2809904.97525
2025-01-28,7576.868628677736,348344.23479760264,2820.6725,141033.625,5868679.7502500005
2025-01-29,10801.742520639644,495209.2287878148,3762.8,188140.0,7732447.80975
2025-01-30,8128.939253387304,374601.34506131103,2925.835,146291.75,7021519.70375
2025-01-31,9317.41853079702,439595.3921229176,3815.495,190774.75,7964932.64525
2025-02-01,12220.904443828947,570028.6306157176,4892.9725,244648.625,9617207.718
2025-02-02,8763.952455493545,412879.832449304,3473.33,173666.5,7338270.6925
2025-02-03,16202.760459602641,572524.7941663419,5437.055,271852.75,9752697.479
2025-02-04,11487.675019028444,507785.2077190294,4580.9875,229049.375,8984201.7105
2025-02-05,13563.75049685186,546596.6529934475,4975.6449999999995,248782.25,9373834.5615
2025-02-06,17006.26751084662,696370.2562852222,6556.240000000001,327812.0,11422985.59675
2025-02-07,4539.147119719571,226957.35598597853,1617.9325,80896.625,5064649.37475
2025-02-08,4218.484630859681,201264.23847127738,1583.935,79196.75,3687568.133
2025-02-09,17892.997886447338,699541.8875267413,6334.4375,316721.875,10973586.06425
2025-02-10,8426.579412630676,407128.70211547724,3150.69,157534.5,7078312.424
2025-02-11,19586.17478470595,709245.6219379442,6432.25,321612.5,11083755.08275
2025-02-12,23374.48604854232,782549.349532054,7491.9525,374597.625,12531696.86875
2025-02-13,32404.842420177916,951808.569036556,9996.855,499842.75,14945637.63875
2025-02-14,14736.504968704865,586605.6250250057,5832.5775,291628.875,10320940.1735
2025-02-15,14307.2514485384,607458.1043522898,5390.4800000000005,269524.0,9938158.39425
2025-02-16,10960.21459609253,475285.52893472224,4085.8775,204293.875,7901660.41925
2025-02-17,12183.011172011553,458745.1100840501,4313.1475,215657.375,8060885.99225
2025-02-18,11408.640127931942,498430.984786476,4228.8275,211441.375,8367547.0695
2025-02-19,17532.38686894713,624052.2069576456,5829.425,291471.25,10020944.30675
2025-02-20,9052.746884673012,429410.9305975818,3069.6150000000002,153480.75,7145581.30775
2025-02-21,10101.80308073623,458498.9912751501,3367.31,168365.5,7548359.63125
2025-02-22,6158.135610422133,297531.9843060842,1989.3274999999999,99466.375,4817390.31925
2025-02-23,12206.48305954565,517005.78724254156,4308.07,215403.5,7987162.07775
2025-02-24,22743.71977988247,621626.5774200017,5553.385,277669.25,9878057.1885
2025-02-25,10543.346048068915,492530.2670316533,4205.6525,210282.625,8456187.62575
2025-02-26,8681.088519429715,428299.07826529985,3454.84,172742.0,7789133.14725
2025-02-27,8507.940916102532,408198.51083810756,3285.52,164276.0,7459094.71875
2025-02-28,7940.842275467508,394908.4553402484,3066.7775,153338.875,7325671.27225
2025-03-01,6901.66833378199,338066.1230804916,2569.1,128455.0,6387959.6362499995
2025-03-02,6815.353878765833,322281.7921768152,1821.3775,91068.875,5501967.279
2025-03-03,5479.201989593333,271811.71058628097,1849.5575,92477.875,5098256.417
2025-03-04,3381.081567552806,164983.59029741512,1247.165,62358.24999999999,3109483.32275
2025-03-05,2980.4208738718803,148857.67312165748,1291.645,64582.25,3364503.991
2025-03-06,7828.052930812509,367740.29607611994,3252.65,162632.5,6030310.115
2025-03-07,15950.007082498596,550636.297733891,4921.5225,246076.125,8808516.034
2025-03-08,4035.459527787137,200413.60210906094,1240.2250000000001,62011.25000000001,3786992.4107500003
2025-03-09,1848.8095280856332,91287.85512064082,377.0525,18852.625,1978168.5295
2025-03-10,6009.514653609794,297213.6118796384,1768.78,88439.0,5555486.23675
2025-03-11,12148.208602929564,556432.4023729813,4787.16,239358.0,9295490.70625
2025-03-12,10217.390661671576,485518.44338272285,3927.6325,196381.625,8299591.53075
2025-03-13,5279.756263912694,263987.8131956347,1699.925,84996.25,5356540.726
2025-03-14,10288.906920411158,499440.3501795867,3860.1150000000002,193005.75,8159314.653
2025-03-15,14758.291206594069,518081.5376890778,4463.935,223196.75,8470914.0095
2025-03-16,6140.3143827546555,297682.8174704708,2137.725,106886.25,5147898.6765
2025-03-17,6867.834208942171,297658.87024007377,2140.305,107015.25,5118239.24525
2025-03-18,9802.401709931732,422456.8527890117,3070.1125,153505.625,6991481.1435
2025-03-19,8971.664660507047,331451.04517637286,2594.395,129719.75,6372312.96475
2025-03-20,17684.299922212354,426456.4063369048,3969.6175000000003,198480.875,7554276.255
2025-03-21,8398.069984101612,374948.7589304576,2974.2,148710.0,6339396.5635
2025-03-22,9357.926362282951,454148.11427813297,3445.4625,172273.125,7322334.7965
2025-03-23,5457.781163244063,248456.98384605057,2213.3224999999998,110666.125,4044388.80775
2025-03-24,15330.804681114096,630424.7781637824,5652.9775,282648.875,10341073.6905
2025-03-25,5651.575684929282,274236.78898615413,1911.07,95553.5,5012489.77275
2025-03-26,5638.831946960611,280429.3332003162,1846.605,92330.25,5237334.94825
2025-03-27,8301.626361125807,406645.6450723428,2897.63,144881.5,7041269.88125
2025-03-28,6972.724516881396,329129.552777468,2257.255,112862.75,5961461.45625
2025-03-29,3512.699722691481,174062.29799395637,1082.4025,54120.125,3385040.11825
2025-03-30,7552.409037691372,363296.6351460525,2572.5299999999997,128626.5,5760538.341
2025-03-31,12724.440829668813,488197.0938927322,4041.5725,202078.625,8089801.558
2025-04-01,8130.763880792573,367137.0233172545,2734.69,136734.5,6191400.641
2025-04-02,5138.301918155024,252440.59765158317,1828.335,91416.75,5084906.76725
2025-04-03,8091.717721605332,332622.71319844417,2844.5775,142228.875,5455944.5455
2025-04-04,6327.8972436215845,306674.51191788504,2229.3875,111469.375,6137773.71775
2025-04-05,2415.416101420796,120520.9723900858,691.5425,34577.125,3820917.1895000003
2025-04-06,5138.568075942074,255574.2506282898,1511.9799999999998,75598.99999999999,4967169.5895
2025-04-07,4815.591490096996,226056.0709255433,1387.64,69382.0,4289831.8865
2025-04-08,7562.178052668114,292178.6599406063,2308.775,115438.75,5200846.009
2025-04-09,8649.49583939716,403957.3740513789,2680.5025,134025.125,6490167.98575
2025-04-10,5453.930083658473,251928.6251056787,1785.9075,89295.375,4463870.75075
2025-04-11,11988.178738268478,551783.6423171464,4407.1275,220356.375,8860803.90975
2025-04-12,6730.528185999765,276857.82927615684,2304.5575,115227.875,4839194.23675
2025-04-13,7220.68239194101,324280.67499480693,2016.7925,100839.625,6186126.68925
2025-04-14,12843.892181028903,490235.3740152329,4039.3825,201969.125,7873089.13
2025-04-15,6446.63750984357,318432.3860992256,1927.6075,96380.375,5527233.99775
2025-04-16,6360.444500379815,302432.7169528298,2085.1175000000003,104255.875,5460138.64925
2025-04-17,8476.341410241279,390975.77116327384,2685.8875,134294.375,6139293.362
2025-04-18,14828.59899086075,617279.3186422153,4729.7725,236488.625,9490902.367
2025-04-19,4708.013021654881,235172.96812373298,1344.3975,67219.875,4742274.93875
2025-04-20,1681.7097144395848,83837.76363385803,296.905,14845.249999999998,1938827.89625
2025-04-21,2488.4457313457187,124361.68191351385,541.5375,27076.875,2610908.86175
2025-04-22,6385.555720091282,215167.06742019593,1717.3249999999998,85866.25,4142710.27025
2025-04-23,3752.4953845784626,180987.3672662133,973.3999999999999,48669.99999999999,3904751.8685
2025-04-24,5666.747574890585,283246.80984200677,1465.965,73298.25,5386218.01325
2025-04-25,4680.881213031344,233350.74771421633,1418.5175,70925.875,4271143.5495
2025-04-26,2365.9630982865847,117757.92940598183,526.87,26343.5,3213842.728
2025-04-27,2762.1775933555355,137167.70300536737,908.2099999999999,45410.5,2651172.001
2025-04-28,6120.230847620778,249083.11710288463,1710.45,85522.5,4416552.138
2025-04-29,4564.1787307084,223050.1160636016,1296.99,64849.49999999999,4166212.01975
2025-04-30,5942.040328454996,255965.51547819146,1827.19,91359.5,4520928.52675
2025-05-01,7884.172131583511,356552.2202833513,2150.0225,107501.12499999999,6016838.4885
2025-05-02,2365.920667540692,116267.10768209968,842.6475,42132.375,2345399.7005
2025-05-03,7065.9569804936,330784.9387776836,2208.8825,110444.125,5530180.35225
2025-05-04,1905.6973126105083,95235.38263158294,430.0825000000001,21504.125000000004,1933773.723
2025-05-05,12493.690173650137,411608.5441516015,2986.105,149305.25,6560906.10175
2025-05-06,5429.893412872004,271494.67064360017,1392.83,69641.5,5163721.6845
2025-05-07,6644.930461760465,311975.44902788906,1947.9925,97399.625,5679633.80875
2025-05-08,11825.114648797267,461116.7512447411,5569.8725,278493.625,8954943.83675
2025-05-09,7758.883152346327,359450.1150290117,2760.2225,138011.125,6411113.41875
2025-05-10,12243.28149881014,476869.4920206195,3890.2125,194510.625,7994132.6195
2025-05-11,7960.826442670004,372205.7553851916,2386.555,119327.75,6564983.792
2025-05-12,12309.709603548263,394382.99136070505,3073.8375,153691.875,6753541.92675
2025-05-13,8691.301706373344,316155.88659153704,2646.1600000000003,132308.0,5568071.02125
2025-05-14,5656.567150111858,263523.0677957117,1887.0,94350.0,5000623.69575
2025-05-15,9648.429517155782,428581.5472889288,3128.9275,156446.375,7030216.41925
2025-05-16,7983.9711432696595,376028.4174283985,3351.89,167594.5,7071692.5475
2025-05-17,6754.9080835835675,292658.99716964655,2452.7475,122637.375,5022940.397
2025-05-18,7870.472338680701,382762.1023055823,2601.4249999999997,130071.24999999999,6778975.71
2025-05-19,12073.032704690215,499243.31705869484,4029.98,201499.0,8295580.79725
2025-05-20,7277.188614641174,346834.4424784278,2821.185,141059.25,6652596.81275
2025-05-21,8929.273508458158,318625.9349903631,2658.9775,132948.875,5740064.11
2025-05-22,10639.857099127896,391928.235385538,3181.0075,159050.375,7051465.051750001
2025-05-23,9090.447361639148,342805.53710719856,2618.82,130941.0,6376234.79575
2025-05-24,3628.6338400667687,181431.69200333845,1415.27,70763.5,4335941.79125
2025-05-25,7819.29398029674,253943.36799703154,2229.7275,111486.37499999999,6059490.261
2025-05-26,15283.345382574531,481328.79542383336,4250.6075,212530.375,8402563.82675
2025-05-27,10092.386888102452,370866.45667409175,2823.15,141157.5,6683506.27975
2025-05-28,11349.627238643128,454207.41256928584,3613.105,180655.25,7822342.359
2025-05-29,8341.9787919825,353131.5403346157,2455.8325,122791.625,6333431.65625
2025-05-30,5752.582611034891,283930.54176737205,1856.7775000000001,92838.875,5836553.0125
2025-05-31,8347.077044383415,409594.24121186754,3263.9325,163196.625,7383452.36525
2025-06-01,2023.774935775799,99601.42203490101,300.51249999999993,15025.624999999996,2346383.28125
2025-06-02,200812.35621506284,682882.2728323234,7900.34,395017.0,11273732.458
2025-06-03,18218.530877560377,500399.1049604142,4194.68,209734.0,8293464.10325
2025-06-04,8617.331505368524,366302.69490707567,2694.9424999999997,134747.125,6371489.5105
2025-06-05,6664.697574344655,278484.2307787327,2105.41,105270.5,5112892.536
2025-06-06,7658.8918039189575,331312.5174872414,2402.46,120123.0,5460024.5515
2025-06-07,8138.511748620357,395518.7411768244,2513.1099999999997,125655.5,6660029.04875
2025-06-08,2205.9609857006208,109564.14664902742,393.5925000000001,19679.625000000004,2508329.60075
2025-06-09,5767.649635941731,260720.2708034473,1535.6375,76781.875,4702551.24775
2025-06-10,7285.233952336898,284517.73554464144,2206.1425,110307.125,4928871.54525
2025-06-11,10552.02018677536,440832.11125540914,4424.285,221214.25,7403721.785
2025-06-12,10891.06606961955,333089.1676436305,3305.3125,165265.625,6006664.348
2025-06-13,10139.657581861757,350339.15722454415,2906.8275,145341.375,6142660.70875
2025-06-14,9763.344112130937,342225.3972816811,3411.8425,170592.125,7165025.891249999
2025-06-15,11456.619972503588,389586.26899842534,3722.86,186143.0,7164776.4155
2025-06-16,13720.854742083373,603142.7440119612,5873.5025,293675.125,10274841.303
2025-06-17,12756.09632520782,425583.2459610421,3622.4525,181122.625,7346068.252
2025-06-18,3576.3992951509335,175859.88408675272,1362.325,68116.25,3665897.7825
2025-06-19,6526.965937021608,320550.59548495803,2380.4025,119020.125,6275230.57775
2025-06-20,2321.3292543577395,115485.0207039754,882.88,44144.0,2828242.6235
2025-06-21,4183.096093072321,190136.4641425342,1463.03,73151.5,3917155.3965
2025-06-22,3011.731621343717,149906.75674668857,1162.3049999999998,58115.24999999999,4255866.453749999
2025-06-23,6845.085696791942,301511.8993446291,2315.525,115776.25,4933021.07375
2025-06-24,14868.368714342005,608529.5666261814,5215.5225,260776.125,9384154.28575
2025-06-25,12573.443352362847,437144.89749955205,3311.7025,165585.125,7052651.79275
2025-06-26,25557.850589894824,450720.4517575534,4357.8275,217891.375,8006686.5575
2025-06-27,14670.667810484207,609543.0464540311,5513.6975,275684.875,9942431.47775
2025-06-28,3631.3922744060487,179962.95206533998,1019.2624999999999,50963.125,3581693.249
2025-06-29,5018.904090268328,250483.78250183695,975.8874999999999,48794.37499999999,4164074.421
