dt,price_pln_per_mw_h
2024-06-30 22:00:00+00:00,178.85
2024-06-30 22:15:00+00:00,68.91
2024-06-30 22:30:00+00:00,68.91
2024-06-30 22:45:00+00:00,68.91
2024-06-30 23:00:00+00:00,68.91
2024-06-30 23:15:00+00:00,133.18
2024-06-30 23:30:00+00:00,133.18
2024-06-30 23:45:00+00:00,133.18
2024-07-01 00:00:00+00:00,133.18
2024-07-01 00:15:00+00:00,135.18
2024-07-01 00:30:00+00:00,135.18
2024-07-01 00:45:00+00:00,135.18
2024-07-01 01:00:00+00:00,135.18
2024-07-01 01:15:00+00:00,131.98
2024-07-01 01:30:00+00:00,131.98
2024-07-01 01:45:00+00:00,131.98
2024-07-01 02:00:00+00:00,131.98
2024-07-01 02:15:00+00:00,147.78
2024-07-01 02:30:00+00:00,147.78
2024-07-01 02:45:00+00:00,147.78
2024-07-01 03:00:00+00:00,147.78
2024-07-01 03:15:00+00:00,129.67
2024-07-01 03:30:00+00:00,129.67
2024-07-01 03:45:00+00:00,129.67
2024-07-01 04:00:00+00:00,129.67
2024-07-01 04:15:00+00:00,68.91
2024-07-01 04:30:00+00:00,68.91
2024-07-01 04:45:00+00:00,68.91
2024-07-01 05:00:00+00:00,68.91
2024-07-01 05:15:00+00:00,68.91
2024-07-01 05:30:00+00:00,68.91
2024-07-01 05:45:00+00:00,68.91
2024-07-01 06:00:00+00:00,68.91
2024-07-01 06:15:00+00:00,68.91
2024-07-01 06:30:00+00:00,68.91
2024-07-01 06:45:00+00:00,68.91
2024-07-01 07:00:00+00:00,68.91
2024-07-01 07:15:00+00:00,68.91
2024-07-01 07:30:00+00:00,68.91
2024-07-01 07:45:00+00:00,68.91
2024-07-01 08:00:00+00:00,68.91
2024-07-01 08:15:00+00:00,68.91
2024-07-01 08:30:00+00:00,68.91
2024-07-01 08:45:00+00:00,68.91
2024-07-01 09:00:00+00:00,68.91
2024-07-01 09:15:00+00:00,68.91
2024-07-01 09:30:00+00:00,68.91
2024-07-01 09:45:00+00:00,68.91
2024-07-01 10:00:00+00:00,68.91
2024-07-01 10:15:00+00:00,89.49
2024-07-01 10:30:00+00:00,89.49
2024-07-01 10:45:00+00:00,89.49
2024-07-01 11:00:00+00:00,89.49
2024-07-01 11:15:00+00:00,88.64
2024-07-01 11:30:00+00:00,88.64
2024-07-01 11:45:00+00:00,88.64
2024-07-01 12:00:00+00:00,88.64
2024-07-01 12:15:00+00:00,68.91
2024-07-01 12:30:00+00:00,68.91
2024-07-01 12:45:00+00:00,68.91
2024-07-01 13:00:00+00:00,68.91
2024-07-01 13:15:00+00:00,68.91
2024-07-01 13:30:00+00:00,68.91
2024-07-01 13:45:00+00:00,68.91
2024-07-01 14:00:00+00:00,68.91
2024-07-01 14:15:00+00:00,68.91
2024-07-01 14:30:00+00:00,68.91
2024-07-01 14:45:00+00:00,68.91
2024-07-01 15:00:00+00:00,68.91
2024-07-01 15:15:00+00:00,68.91
2024-07-01 15:30:00+00:00,68.91
2024-07-01 15:45:00+00:00,68.91
2024-07-01 16:00:00+00:00,68.91
2024-07-01 16:15:00+00:00,68.91
2024-07-01 16:30:00+00:00,68.91
2024-07-01 16:45:00+00:00,68.91
2024-07-01 17:00:00+00:00,68.91
2024-07-01 17:15:00+00:00,68.91
2024-07-01 17:30:00+00:00,68.91
2024-07-01 17:45:00+00:00,1000.0
2024-07-01 18:00:00+00:00,1000.0
2024-07-01 18:15:00+00:00,35.65
2024-07-01 18:30:00+00:00,1000.0
2024-07-01 18:45:00+00:00,1000.0
2024-07-01 19:00:00+00:00,1000.0
2024-07-01 19:15:00+00:00,1000.0
2024-07-01 19:30:00+00:00,1000.0
2024-07-01 19:45:00+00:00,1000.0
2024-07-01 20:00:00+00:00,1000.0
2024-07-01 20:15:00+00:00,1000.0
2024-07-01 20:30:00+00:00,1000.0
2024-07-01 20:45:00+00:00,1000.0
2024-07-01 21:00:00+00:00,1000.0
2024-07-01 21:15:00+00:00,71.89
2024-07-01 21:30:00+00:00,71.89
2024-07-01 21:45:00+00:00,71.89
2024-07-01 22:00:00+00:00,71.89
2024-07-01 22:15:00+00:00,160.13
2024-07-01 22:30:00+00:00,160.13
2024-07-01 22:45:00+00:00,160.13
2024-07-01 23:00:00+00:00,160.13
2024-07-01 23:15:00+00:00,149.51
2024-07-01 23:30:00+00:00,149.51
2024-07-01 23:45:00+00:00,149.51
2024-07-02 00:00:00+00:00,149.51
2024-07-02 00:15:00+00:00,143.84
2024-07-02 00:30:00+00:00,143.84
2024-07-02 00:45:00+00:00,143.84
2024-07-02 01:00:00+00:00,143.84
2024-07-02 01:15:00+00:00,140.99
2024-07-02 01:30:00+00:00,140.99
2024-07-02 01:45:00+00:00,140.99
2024-07-02 02:00:00+00:00,140.99
2024-07-02 02:15:00+00:00,134.33
2024-07-02 02:30:00+00:00,134.33
2024-07-02 02:45:00+00:00,134.33
2024-07-02 03:00:00+00:00,134.33
2024-07-02 03:15:00+00:00,136.33
2024-07-02 03:30:00+00:00,136.33
2024-07-02 03:45:00+00:00,136.33
2024-07-02 04:00:00+00:00,136.33
2024-07-02 04:15:00+00:00,157.84
2024-07-02 04:30:00+00:00,157.84
2024-07-02 04:45:00+00:00,157.84
2024-07-02 05:00:00+00:00,157.84
2024-07-02 05:15:00+00:00,176.05
2024-07-02 05:30:00+00:00,176.05
2024-07-02 05:45:00+00:00,176.05
2024-07-02 06:00:00+00:00,176.05
2024-07-02 06:15:00+00:00,175.05
2024-07-02 06:30:00+00:00,175.05
2024-07-02 06:45:00+00:00,175.05
2024-07-02 07:00:00+00:00,175.05
2024-07-02 07:15:00+00:00,162.67
2024-07-02 07:30:00+00:00,162.67
2024-07-02 07:45:00+00:00,162.67
2024-07-02 08:00:00+00:00,162.67
2024-07-02 08:15:00+00:00,189.77
2024-07-02 08:30:00+00:00,189.77
2024-07-02 08:45:00+00:00,162.59
2024-07-02 09:00:00+00:00,189.77
2024-07-02 09:15:00+00:00,199.77
2024-07-02 09:30:00+00:00,199.77
2024-07-02 09:45:00+00:00,199.77
2024-07-02 10:00:00+00:00,199.77
2024-07-02 10:15:00+00:00,1000.0
2024-07-02 10:30:00+00:00,1000.0
2024-07-02 10:45:00+00:00,1000.0
2024-07-02 11:00:00+00:00,1000.0
2024-07-02 11:15:00+00:00,1000.0
2024-07-02 11:30:00+00:00,1000.0
2024-07-02 11:45:00+00:00,1000.0
2024-07-02 12:00:00+00:00,1000.0
2024-07-02 12:15:00+00:00,1000.0
2024-07-02 12:30:00+00:00,1000.0
2024-07-02 12:45:00+00:00,1000.0
2024-07-02 13:00:00+00:00,1000.0
2024-07-02 13:15:00+00:00,1000.0
2024-07-02 13:30:00+00:00,1000.0
2024-07-02 13:45:00+00:00,1000.0
2024-07-02 14:00:00+00:00,1000.0
2024-07-02 14:15:00+00:00,1000.0
2024-07-02 14:30:00+00:00,1000.0
2024-07-02 14:45:00+00:00,1000.0
2024-07-02 15:00:00+00:00,1000.0
2024-07-02 15:15:00+00:00,1000.0
2024-07-02 15:30:00+00:00,1000.0
2024-07-02 15:45:00+00:00,1000.0
2024-07-02 16:00:00+00:00,1000.0
2024-07-02 16:15:00+00:00,1000.0
2024-07-02 16:30:00+00:00,161.4
2024-07-02 16:45:00+00:00,161.4
2024-07-02 17:00:00+00:00,161.4
2024-07-02 17:15:00+00:00,217.16
2024-07-02 17:30:00+00:00,68.89
2024-07-02 17:45:00+00:00,68.89
2024-07-02 18:00:00+00:00,68.89
2024-07-02 18:15:00+00:00,68.89
2024-07-02 18:30:00+00:00,14.57
2024-07-02 18:45:00+00:00,285.92
2024-07-02 19:00:00+00:00,285.92
2024-07-02 19:15:00+00:00,264.54
2024-07-02 19:30:00+00:00,264.54
2024-07-02 19:45:00+00:00,264.54
2024-07-02 20:00:00+00:00,264.54
2024-07-02 20:15:00+00:00,192.35
2024-07-02 20:30:00+00:00,192.35
2024-07-02 20:45:00+00:00,192.35
2024-07-02 21:00:00+00:00,192.35
2024-07-02 21:15:00+00:00,156.51
2024-07-02 21:30:00+00:00,156.51
2024-07-02 21:45:00+00:00,156.51
2024-07-02 22:00:00+00:00,156.51
2024-07-02 22:15:00+00:00,41.62
2024-07-02 22:30:00+00:00,59.4
2024-07-02 22:45:00+00:00,59.4
2024-07-02 23:00:00+00:00,59.4
2024-07-02 23:15:00+00:00,165.4
2024-07-02 23:30:00+00:00,114.75
2024-07-02 23:45:00+00:00,114.75
2024-07-03 00:00:00+00:00,114.75
2024-07-03 00:15:00+00:00,100.58
2024-07-03 00:30:00+00:00,100.58
2024-07-03 00:45:00+00:00,100.58
2024-07-03 01:00:00+00:00,101.56
2024-07-03 01:15:00+00:00,106.16
2024-07-03 01:30:00+00:00,41.62
2024-07-03 01:45:00+00:00,41.62
2024-07-03 02:00:00+00:00,106.16
2024-07-03 02:15:00+00:00,122.75
2024-07-03 02:30:00+00:00,107.56
2024-07-03 02:45:00+00:00,122.75
2024-07-03 03:00:00+00:00,107.56
2024-07-03 03:15:00+00:00,108.75
2024-07-03 03:30:00+00:00,108.75
2024-07-03 03:45:00+00:00,108.75
2024-07-03 04:00:00+00:00,159.4
2024-07-03 04:15:00+00:00,118.93
2024-07-03 04:30:00+00:00,98.93
2024-07-03 04:45:00+00:00,98.93
2024-07-03 05:00:00+00:00,1000.0
2024-07-03 05:15:00+00:00,125.62
2024-07-03 05:30:00+00:00,85.3
2024-07-03 05:45:00+00:00,85.3
2024-07-03 06:00:00+00:00,85.3
2024-07-03 06:15:00+00:00,79.4
2024-07-03 06:30:00+00:00,79.4
2024-07-03 06:45:00+00:00,79.4
2024-07-03 07:00:00+00:00,1000.0
2024-07-03 07:15:00+00:00,1000.0
2024-07-03 07:30:00+00:00,129.73
2024-07-03 07:45:00+00:00,129.73
2024-07-03 08:00:00+00:00,129.73
2024-07-03 08:15:00+00:00,199.4
2024-07-03 08:30:00+00:00,199.4
2024-07-03 08:45:00+00:00,132.58
2024-07-03 09:00:00+00:00,199.4
2024-07-03 09:15:00+00:00,204.4
2024-07-03 09:30:00+00:00,204.4
2024-07-03 09:45:00+00:00,204.4
2024-07-03 10:00:00+00:00,204.4
2024-07-03 10:15:00+00:00,218.85
2024-07-03 10:30:00+00:00,218.85
2024-07-03 10:45:00+00:00,218.85
2024-07-03 11:00:00+00:00,218.85
2024-07-03 11:15:00+00:00,211.69
2024-07-03 11:30:00+00:00,211.69
2024-07-03 11:45:00+00:00,211.69
2024-07-03 12:00:00+00:00,211.69
2024-07-03 12:15:00+00:00,187.4
2024-07-03 12:30:00+00:00,187.4
2024-07-03 12:45:00+00:00,187.4
2024-07-03 13:00:00+00:00,187.4
2024-07-03 13:15:00+00:00,59.75
2024-07-03 13:30:00+00:00,110.4
2024-07-03 13:45:00+00:00,59.75
2024-07-03 14:00:00+00:00,110.4
2024-07-03 14:15:00+00:00,120.51
2024-07-03 14:30:00+00:00,87.1
2024-07-03 14:45:00+00:00,87.1
2024-07-03 15:00:00+00:00,87.1
2024-07-03 15:15:00+00:00,68.89
2024-07-03 15:30:00+00:00,124.46
2024-07-03 15:45:00+00:00,68.89
2024-07-03 16:00:00+00:00,68.89
2024-07-03 16:15:00+00:00,144.99
2024-07-03 16:30:00+00:00,144.99
2024-07-03 16:45:00+00:00,68.89
2024-07-03 17:00:00+00:00,68.89
2024-07-03 17:15:00+00:00,68.89
2024-07-03 17:30:00+00:00,41.62
2024-07-03 17:45:00+00:00,41.62
2024-07-03 18:00:00+00:00,41.62
2024-07-03 18:15:00+00:00,14.46
2024-07-03 18:30:00+00:00,14.46
2024-07-03 18:45:00+00:00,14.46
2024-07-03 19:00:00+00:00,14.46
2024-07-03 19:15:00+00:00,41.62
2024-07-03 19:30:00+00:00,41.62
2024-07-03 19:45:00+00:00,68.89
2024-07-03 20:00:00+00:00,222.83
2024-07-03 20:15:00+00:00,189.28
2024-07-03 20:30:00+00:00,41.62
2024-07-03 20:45:00+00:00,41.62
2024-07-03 21:00:00+00:00,186.8
2024-07-03 21:15:00+00:00,139.92
2024-07-03 21:30:00+00:00,119.92
2024-07-03 21:45:00+00:00,41.62
2024-07-03 22:00:00+00:00,41.62
2024-07-03 22:15:00+00:00,101.12
2024-07-03 22:30:00+00:00,101.12
2024-07-03 22:45:00+00:00,101.12
2024-07-03 23:00:00+00:00,101.12
2024-07-03 23:15:00+00:00,112.4
2024-07-03 23:30:00+00:00,112.4
2024-07-03 23:45:00+00:00,101.76
2024-07-04 00:00:00+00:00,101.76
2024-07-04 00:15:00+00:00,132.07
2024-07-04 00:30:00+00:00,132.07
2024-07-04 00:45:00+00:00,132.07
2024-07-04 01:00:00+00:00,132.07
2024-07-04 01:15:00+00:00,137.76
2024-07-04 01:30:00+00:00,148.4
2024-07-04 01:45:00+00:00,148.4
2024-07-04 02:00:00+00:00,148.4
2024-07-04 02:15:00+00:00,144.4
2024-07-04 02:30:00+00:00,144.4
2024-07-04 02:45:00+00:00,133.76
2024-07-04 03:00:00+00:00,152.36
2024-07-04 03:15:00+00:00,173.33
2024-07-04 03:30:00+00:00,173.33
2024-07-04 03:45:00+00:00,173.33
2024-07-04 04:00:00+00:00,173.33
2024-07-04 04:15:00+00:00,107.07
2024-07-04 04:30:00+00:00,107.07
2024-07-04 04:45:00+00:00,70.89
2024-07-04 05:00:00+00:00,107.07
2024-07-04 05:15:00+00:00,103.36
2024-07-04 05:30:00+00:00,120.94
2024-07-04 05:45:00+00:00,120.94
2024-07-04 06:00:00+00:00,120.94
2024-07-04 06:15:00+00:00,34.8
2024-07-04 06:30:00+00:00,34.8
2024-07-04 06:45:00+00:00,34.8
2024-07-04 07:00:00+00:00,131.59
2024-07-04 07:15:00+00:00,119.53
2024-07-04 07:30:00+00:00,227.75
2024-07-04 07:45:00+00:00,227.75
2024-07-04 08:00:00+00:00,227.75
2024-07-04 08:15:00+00:00,304.16
2024-07-04 08:30:00+00:00,304.16
2024-07-04 08:45:00+00:00,304.16
2024-07-04 09:00:00+00:00,304.16
2024-07-04 09:15:00+00:00,260.16
2024-07-04 09:30:00+00:00,260.16
2024-07-04 09:45:00+00:00,260.16
2024-07-04 10:00:00+00:00,260.16
2024-07-04 10:15:00+00:00,275.15
2024-07-04 10:30:00+00:00,275.15
2024-07-04 10:45:00+00:00,275.15
2024-07-04 11:00:00+00:00,275.15
2024-07-04 11:15:00+00:00,273.39
2024-07-04 11:30:00+00:00,273.4
2024-07-04 11:45:00+00:00,273.4
2024-07-04 12:00:00+00:00,273.4
2024-07-04 12:15:00+00:00,278.17
2024-07-04 12:30:00+00:00,278.17
2024-07-04 12:45:00+00:00,278.17
2024-07-04 13:00:00+00:00,278.17
2024-07-04 13:15:00+00:00,312.17
2024-07-04 13:30:00+00:00,312.17
2024-07-04 13:45:00+00:00,312.17
2024-07-04 14:00:00+00:00,312.17
2024-07-04 14:15:00+00:00,256.56
2024-07-04 14:30:00+00:00,256.56
2024-07-04 14:45:00+00:00,256.55
2024-07-04 15:00:00+00:00,256.55
2024-07-04 15:15:00+00:00,218.95
2024-07-04 15:30:00+00:00,218.95
2024-07-04 15:45:00+00:00,218.95
2024-07-04 16:00:00+00:00,218.95
2024-07-04 16:15:00+00:00,101.45
2024-07-04 16:30:00+00:00,101.45
2024-07-04 16:45:00+00:00,34.8
2024-07-04 17:00:00+00:00,34.8
2024-07-04 17:15:00+00:00,34.8
2024-07-04 17:30:00+00:00,34.8
2024-07-04 17:45:00+00:00,34.8
2024-07-04 18:00:00+00:00,34.8
2024-07-04 18:15:00+00:00,34.8
2024-07-04 18:30:00+00:00,34.8
2024-07-04 18:45:00+00:00,14.47
2024-07-04 19:00:00+00:00,14.46
2024-07-04 19:15:00+00:00,34.8
2024-07-04 19:30:00+00:00,34.8
2024-07-04 19:45:00+00:00,70.89
2024-07-04 20:00:00+00:00,34.8
2024-07-04 20:15:00+00:00,34.8
2024-07-04 20:30:00+00:00,109.32
2024-07-04 20:45:00+00:00,109.32
2024-07-04 21:00:00+00:00,109.32
2024-07-04 21:15:00+00:00,160.02
2024-07-04 21:30:00+00:00,106.33
2024-07-04 21:45:00+00:00,106.33
2024-07-04 22:00:00+00:00,101.76
2024-07-04 22:15:00+00:00,110.63
2024-07-04 22:30:00+00:00,85.39
2024-07-04 22:45:00+00:00,85.39
2024-07-04 23:00:00+00:00,110.63
2024-07-04 23:15:00+00:00,188.15
2024-07-04 23:30:00+00:00,188.15
2024-07-04 23:45:00+00:00,188.15
2024-07-05 00:00:00+00:00,188.15
2024-07-05 00:15:00+00:00,190.15
2024-07-05 00:30:00+00:00,190.15
2024-07-05 00:45:00+00:00,190.15
2024-07-05 01:00:00+00:00,190.15
2024-07-05 01:15:00+00:00,186.15
2024-07-05 01:30:00+00:00,186.15
2024-07-05 01:45:00+00:00,186.15
2024-07-05 02:00:00+00:00,186.15
2024-07-05 02:15:00+00:00,194.15
2024-07-05 02:30:00+00:00,194.15
2024-07-05 02:45:00+00:00,194.15
2024-07-05 03:00:00+00:00,194.15
2024-07-05 03:15:00+00:00,186.15
2024-07-05 03:30:00+00:00,186.15
2024-07-05 03:45:00+00:00,186.15
2024-07-05 04:00:00+00:00,207.07
2024-07-05 04:15:00+00:00,105.07
2024-07-05 04:30:00+00:00,85.15
2024-07-05 04:45:00+00:00,65.21
2024-07-05 05:00:00+00:00,105.07
2024-07-05 05:15:00+00:00,216.09
2024-07-05 05:30:00+00:00,216.09
2024-07-05 05:45:00+00:00,216.09
2024-07-05 06:00:00+00:00,216.09
2024-07-05 06:15:00+00:00,260.15
2024-07-05 06:30:00+00:00,260.15
2024-07-05 06:45:00+00:00,261.15
2024-07-05 07:00:00+00:00,261.15
2024-07-05 07:15:00+00:00,411.15
2024-07-05 07:30:00+00:00,411.15
2024-07-05 07:45:00+00:00,1000.0
2024-07-05 08:00:00+00:00,1000.0
2024-07-05 08:15:00+00:00,1000.0
2024-07-05 08:30:00+00:00,1000.0
2024-07-05 08:45:00+00:00,1000.0
2024-07-05 09:00:00+00:00,1000.0
2024-07-05 09:15:00+00:00,1000.0
2024-07-05 09:30:00+00:00,1000.0
2024-07-05 09:45:00+00:00,1000.0
2024-07-05 10:00:00+00:00,1000.0
2024-07-05 10:15:00+00:00,1000.0
2024-07-05 10:30:00+00:00,1000.0
2024-07-05 10:45:00+00:00,1000.0
2024-07-05 11:00:00+00:00,1000.0
2024-07-05 11:15:00+00:00,1000.0
2024-07-05 11:30:00+00:00,1000.0
2024-07-05 11:45:00+00:00,1000.0
2024-07-05 12:00:00+00:00,1000.0
2024-07-05 12:15:00+00:00,1000.0
2024-07-05 12:30:00+00:00,1000.0
2024-07-05 12:45:00+00:00,1000.0
2024-07-05 13:00:00+00:00,1000.0
2024-07-05 13:15:00+00:00,1000.0
2024-07-05 13:30:00+00:00,1000.0
2024-07-05 13:45:00+00:00,1000.0
2024-07-05 14:00:00+00:00,1000.0
2024-07-05 14:15:00+00:00,1000.0
2024-07-05 14:30:00+00:00,1000.0
2024-07-05 14:45:00+00:00,1000.0
2024-07-05 15:00:00+00:00,1000.0
2024-07-05 15:15:00+00:00,1000.0
2024-07-05 15:30:00+00:00,1000.0
2024-07-05 15:45:00+00:00,1000.0
2024-07-05 16:00:00+00:00,1000.0
2024-07-05 16:15:00+00:00,1000.0
2024-07-05 16:30:00+00:00,63.37
2024-07-05 16:45:00+00:00,63.37
2024-07-05 17:00:00+00:00,83.37
2024-07-05 17:15:00+00:00,239.19
2024-07-05 17:30:00+00:00,26.25
2024-07-05 17:45:00+00:00,26.25
2024-07-05 18:00:00+00:00,26.25
2024-07-05 18:15:00+00:00,26.25
2024-07-05 18:30:00+00:00,26.25
2024-07-05 18:45:00+00:00,26.25
2024-07-05 19:00:00+00:00,26.25
2024-07-05 19:15:00+00:00,26.25
2024-07-05 19:30:00+00:00,26.25
2024-07-05 19:45:00+00:00,26.25
2024-07-05 20:00:00+00:00,188.54
2024-07-05 20:15:00+00:00,1000.0
2024-07-05 20:30:00+00:00,42.45
2024-07-05 20:45:00+00:00,26.25
2024-07-05 21:00:00+00:00,26.25
2024-07-05 21:15:00+00:00,111.15
2024-07-05 21:30:00+00:00,107.54
2024-07-05 21:45:00+00:00,111.15
2024-07-05 22:00:00+00:00,111.15
2024-07-05 22:15:00+00:00,107.07
2024-07-05 22:30:00+00:00,107.07
2024-07-05 23:00:00+00:00,107.07
2024-07-05 23:15:00+00:00,185.83
2024-07-05 23:30:00+00:00,185.83
2024-07-05 23:45:00+00:00,163.95
2024-07-06 00:00:00+00:00,163.95
2024-07-06 00:15:00+00:00,196.73
2024-07-06 00:30:00+00:00,196.73
2024-07-06 00:45:00+00:00,196.73
2024-07-06 01:00:00+00:00,196.73
2024-07-06 01:15:00+00:00,195.63
2024-07-06 01:30:00+00:00,195.63
2024-07-06 01:45:00+00:00,195.63
2024-07-06 02:00:00+00:00,223.28
2024-07-06 02:15:00+00:00,253.06
2024-07-06 02:30:00+00:00,253.06
2024-07-06 02:45:00+00:00,253.06
2024-07-06 03:15:00+00:00,1000.0
2024-07-06 03:30:00+00:00,1000.0
2024-07-06 03:45:00+00:00,1000.0
2024-07-06 04:00:00+00:00,1000.0
2024-07-06 04:15:00+00:00,1000.0
2024-07-06 04:30:00+00:00,1000.0
2024-07-06 04:45:00+00:00,1000.0
2024-07-06 05:00:00+00:00,258.73
2024-07-06 05:15:00+00:00,307.04
2024-07-06 05:30:00+00:00,307.04
2024-07-06 05:45:00+00:00,307.04
2024-07-06 06:00:00+00:00,307.04
2024-07-06 06:15:00+00:00,304.57
2024-07-06 06:30:00+00:00,304.57
2024-07-06 07:00:00+00:00,304.57
2024-07-06 07:15:00+00:00,465.21
2024-07-06 07:30:00+00:00,465.21
2024-07-06 07:45:00+00:00,465.21
2024-07-06 08:00:00+00:00,465.21
2024-07-06 08:15:00+00:00,627.27
2024-07-06 08:30:00+00:00,627.27
2024-07-06 08:45:00+00:00,627.27
2024-07-06 09:00:00+00:00,627.27
2024-07-06 09:15:00+00:00,698.67
2024-07-06 09:30:00+00:00,698.67
2024-07-06 09:45:00+00:00,698.67
2024-07-06 10:00:00+00:00,698.67
2024-07-06 10:15:00+00:00,795.57
2024-07-06 10:30:00+00:00,795.57
2024-07-06 10:45:00+00:00,795.57
2024-07-06 11:00:00+00:00,795.57
2024-07-06 11:15:00+00:00,795.57
2024-07-06 11:30:00+00:00,795.57
2024-07-06 11:45:00+00:00,795.57
2024-07-06 12:00:00+00:00,795.57
2024-07-06 12:15:00+00:00,795.57
2024-07-06 12:45:00+00:00,795.57
2024-07-06 13:00:00+00:00,795.57
2024-07-06 13:15:00+00:00,706.73
2024-07-06 13:30:00+00:00,706.73
2024-07-06 13:45:00+00:00,739.47
2024-07-06 14:00:00+00:00,739.47
2024-07-06 14:15:00+00:00,617.07
2024-07-06 14:30:00+00:00,617.07
2024-07-06 14:45:00+00:00,617.07
2024-07-06 15:00:00+00:00,617.07
2024-07-06 15:15:00+00:00,563.41
2024-07-06 15:30:00+00:00,563.41
2024-07-06 15:45:00+00:00,563.41
2024-07-06 16:00:00+00:00,563.41
2024-07-06 16:30:00+00:00,290.3
2024-07-06 16:45:00+00:00,290.3
2024-07-06 17:00:00+00:00,290.3
2024-07-06 17:15:00+00:00,1000.0
2024-07-06 17:30:00+00:00,1000.0
2024-07-06 17:45:00+00:00,1000.0
2024-07-06 18:00:00+00:00,1000.0
2024-07-06 18:15:00+00:00,1000.0
2024-07-06 18:30:00+00:00,1000.0
2024-07-06 18:45:00+00:00,1000.0
2024-07-06 19:00:00+00:00,1000.0
2024-07-06 19:15:00+00:00,1000.0
2024-07-06 19:30:00+00:00,1000.0
2024-07-06 19:45:00+00:00,1000.0
2024-07-06 20:00:00+00:00,1000.0
2024-07-06 20:15:00+00:00,1000.0
2024-07-06 20:30:00+00:00,1000.0
2024-07-06 20:45:00+00:00,1000.0
2024-07-06 21:00:00+00:00,1000.0
2024-07-06 21:15:00+00:00,1000.0
2024-07-06 21:30:00+00:00,1000.0
2024-07-06 21:45:00+00:00,1000.0
2024-07-06 22:00:00+00:00,260.86
2024-07-06 22:15:00+00:00,311.08
2024-07-06 22:30:00+00:00,311.08
2024-07-06 22:45:00+00:00,311.08
2024-07-06 23:00:00+00:00,311.08
2024-07-06 23:15:00+00:00,307.0
2024-07-06 23:30:00+00:00,307.0
2024-07-06 23:45:00+00:00,307.0
2024-07-07 00:00:00+00:00,307.0
2024-07-07 00:15:00+00:00,292.71
2024-07-07 00:30:00+00:00,292.71
2024-07-07 00:45:00+00:00,292.71
2024-07-07 01:00:00+00:00,292.71
2024-07-07 01:15:00+00:00,288.64
2024-07-07 01:30:00+00:00,288.64
2024-07-07 01:45:00+00:00,288.64
2024-07-07 02:00:00+00:00,288.64
2024-07-07 02:15:00+00:00,286.6
2024-07-07 02:30:00+00:00,286.6
2024-07-07 02:45:00+00:00,286.6
2024-07-07 03:00:00+00:00,286.6
2024-07-07 03:15:00+00:00,290.67
2024-07-07 03:30:00+00:00,290.67
2024-07-07 03:45:00+00:00,290.67
2024-07-07 04:00:00+00:00,290.67
2024-07-07 04:15:00+00:00,290.67
2024-07-07 04:30:00+00:00,290.67
2024-07-07 04:45:00+00:00,290.67
2024-07-07 05:00:00+00:00,290.67
2024-07-07 05:15:00+00:00,332.85
2024-07-07 05:30:00+00:00,332.85
2024-07-07 05:45:00+00:00,332.85
2024-07-07 06:00:00+00:00,332.85
2024-07-07 06:15:00+00:00,379.85
2024-07-07 06:30:00+00:00,379.85
2024-07-07 06:45:00+00:00,379.85
2024-07-07 07:00:00+00:00,379.85
2024-07-07 07:15:00+00:00,464.07
2024-07-07 07:30:00+00:00,464.07
2024-07-07 07:45:00+00:00,464.07
2024-07-07 08:00:00+00:00,464.07
2024-07-07 08:15:00+00:00,501.27
2024-07-07 08:30:00+00:00,501.27
2024-07-07 08:45:00+00:00,501.27
2024-07-07 09:00:00+00:00,501.27
2024-07-07 09:15:00+00:00,515.79
2024-07-07 09:30:00+00:00,515.79
2024-07-07 09:45:00+00:00,515.79
2024-07-07 10:00:00+00:00,515.79
2024-07-07 10:15:00+00:00,520.19
2024-07-07 10:30:00+00:00,520.19
2024-07-07 10:45:00+00:00,520.19
2024-07-07 11:00:00+00:00,520.19
2024-07-07 11:15:00+00:00,518.29
2024-07-07 11:30:00+00:00,518.29
2024-07-07 11:45:00+00:00,518.29
2024-07-07 12:00:00+00:00,518.29
2024-07-07 12:15:00+00:00,509.72
2024-07-07 12:30:00+00:00,509.72
2024-07-07 12:45:00+00:00,509.72
2024-07-07 13:00:00+00:00,509.72
2024-07-07 13:15:00+00:00,447.07
2024-07-07 13:30:00+00:00,447.07
2024-07-07 13:45:00+00:00,447.07
2024-07-07 14:00:00+00:00,447.07
2024-07-07 14:15:00+00:00,331.31
2024-07-07 14:30:00+00:00,331.31
2024-07-07 14:45:00+00:00,331.31
2024-07-07 15:00:00+00:00,331.31
2024-07-07 15:15:00+00:00,171.08
2024-07-07 15:30:00+00:00,171.08
2024-07-07 15:45:00+00:00,171.08
2024-07-07 16:00:00+00:00,151.08
2024-07-07 16:15:00+00:00,94.61
2024-07-07 16:30:00+00:00,94.61
2024-07-07 16:45:00+00:00,94.61
2024-07-07 17:00:00+00:00,94.61
2024-07-07 17:15:00+00:00,57.93
2024-07-07 17:30:00+00:00,57.93
2024-07-07 17:45:00+00:00,57.93
2024-07-07 18:00:00+00:00,37.49
2024-07-07 18:15:00+00:00,15.46
2024-07-07 18:30:00+00:00,73.38
2024-07-07 18:45:00+00:00,73.38
2024-07-07 19:00:00+00:00,73.38
2024-07-07 19:15:00+00:00,71.76
2024-07-07 19:30:00+00:00,71.76
2024-07-07 19:45:00+00:00,71.76
2024-07-07 20:00:00+00:00,71.76
2024-07-07 20:15:00+00:00,66.75
2024-07-07 20:30:00+00:00,66.75
2024-07-07 20:45:00+00:00,86.75
2024-07-07 21:00:00+00:00,66.75
2024-07-07 21:15:00+00:00,53.11
2024-07-07 21:30:00+00:00,53.11
2024-07-07 21:45:00+00:00,53.11
2024-07-07 22:00:00+00:00,53.11
2024-07-07 22:15:00+00:00,103.07
2024-07-07 22:30:00+00:00,103.07
2024-07-07 22:45:00+00:00,103.07
2024-07-07 23:00:00+00:00,103.07
2024-07-07 23:15:00+00:00,113.07
2024-07-07 23:30:00+00:00,113.07
2024-07-07 23:45:00+00:00,88.91
2024-07-08 00:00:00+00:00,113.07
2024-07-08 00:15:00+00:00,1000.0
2024-07-08 00:30:00+00:00,1000.0
2024-07-08 00:45:00+00:00,1000.0
2024-07-08 01:00:00+00:00,1000.0
2024-07-08 01:15:00+00:00,61.8
2024-07-08 01:30:00+00:00,61.8
2024-07-08 01:45:00+00:00,61.8
2024-07-08 02:00:00+00:00,61.8
2024-07-08 02:15:00+00:00,66.36
2024-07-08 02:30:00+00:00,66.36
2024-07-08 02:45:00+00:00,66.36
2024-07-08 03:00:00+00:00,66.36
2024-07-08 03:15:00+00:00,43.27
2024-07-08 03:30:00+00:00,30.72
2024-07-08 03:45:00+00:00,30.72
2024-07-08 04:00:00+00:00,43.27
2024-07-08 04:15:00+00:00,1000.0
2024-07-08 04:30:00+00:00,60.91
2024-07-08 04:45:00+00:00,60.91
2024-07-08 05:00:00+00:00,1000.0
2024-07-08 05:15:00+00:00,1000.0
2024-07-08 05:30:00+00:00,60.91
2024-07-08 05:45:00+00:00,60.91
2024-07-08 06:00:00+00:00,60.91
2024-07-08 06:15:00+00:00,49.54
2024-07-08 06:30:00+00:00,49.54
2024-07-08 06:45:00+00:00,49.54
2024-07-08 07:00:00+00:00,1000.0
2024-07-08 07:15:00+00:00,92.0
2024-07-08 07:30:00+00:00,92.0
2024-07-08 07:45:00+00:00,92.0
2024-07-08 08:00:00+00:00,92.0
2024-07-08 08:15:00+00:00,170.17
2024-07-08 08:30:00+00:00,170.17
2024-07-08 08:45:00+00:00,170.17
2024-07-08 09:00:00+00:00,170.17
2024-07-08 09:15:00+00:00,184.96
2024-07-08 09:30:00+00:00,184.96
2024-07-08 09:45:00+00:00,184.96
2024-07-08 10:00:00+00:00,184.96
2024-07-08 10:15:00+00:00,184.5
2024-07-08 10:30:00+00:00,184.5
2024-07-08 10:45:00+00:00,184.5
2024-07-08 11:00:00+00:00,184.5
2024-07-08 11:15:00+00:00,163.02
2024-07-08 11:30:00+00:00,163.02
2024-07-08 11:45:00+00:00,163.02
2024-07-08 12:00:00+00:00,163.02
2024-07-08 12:15:00+00:00,109.22
2024-07-08 12:30:00+00:00,109.22
2024-07-08 12:45:00+00:00,109.22
2024-07-08 13:00:00+00:00,109.22
2024-07-08 13:15:00+00:00,55.02
2024-07-08 13:30:00+00:00,55.02
2024-07-08 13:45:00+00:00,90.62
2024-07-08 14:00:00+00:00,90.62
2024-07-08 14:15:00+00:00,63.27
2024-07-08 14:30:00+00:00,63.27
2024-07-08 14:45:00+00:00,43.27
2024-07-08 15:00:00+00:00,43.27
2024-07-08 15:15:00+00:00,74.98
2024-07-08 15:30:00+00:00,74.98
2024-07-08 15:45:00+00:00,74.98
2024-07-08 16:00:00+00:00,74.98
2024-07-08 16:15:00+00:00,43.27
2024-07-08 16:30:00+00:00,43.27
2024-07-08 16:45:00+00:00,43.27
2024-07-08 17:00:00+00:00,43.27
2024-07-08 17:15:00+00:00,103.69
2024-07-08 17:30:00+00:00,11.77
2024-07-08 17:45:00+00:00,71.89
2024-07-08 18:00:00+00:00,103.69
2024-07-08 18:15:00+00:00,191.84
2024-07-08 18:30:00+00:00,191.84
2024-07-08 18:45:00+00:00,191.84
2024-07-08 19:00:00+00:00,37.49
2024-07-08 19:15:00+00:00,60.09
2024-07-08 19:30:00+00:00,37.49
2024-07-08 19:45:00+00:00,60.09
2024-07-08 20:00:00+00:00,80.09
2024-07-08 20:15:00+00:00,108.7
2024-07-08 20:30:00+00:00,88.7
2024-07-08 20:45:00+00:00,88.7
2024-07-08 21:00:00+00:00,88.7
2024-07-08 21:15:00+00:00,56.2
2024-07-08 21:30:00+00:00,56.2
2024-07-08 21:45:00+00:00,56.2
2024-07-08 22:00:00+00:00,56.2
2024-07-08 22:15:00+00:00,74.52
2024-07-08 22:30:00+00:00,74.52
2024-07-08 22:45:00+00:00,74.52
2024-07-08 23:00:00+00:00,74.52
2024-07-08 23:15:00+00:00,148.2
2024-07-08 23:30:00+00:00,148.2
2024-07-08 23:45:00+00:00,148.2
2024-07-09 00:00:00+00:00,148.2
2024-07-09 00:15:00+00:00,157.38
2024-07-09 00:30:00+00:00,157.38
2024-07-09 00:45:00+00:00,157.38
2024-07-09 01:00:00+00:00,157.38
2024-07-09 01:15:00+00:00,159.38
2024-07-09 01:30:00+00:00,113.59
2024-07-09 01:45:00+00:00,113.59
2024-07-09 02:00:00+00:00,113.59
2024-07-09 02:15:00+00:00,108.79
2024-07-09 02:30:00+00:00,108.79
2024-07-09 02:45:00+00:00,108.79
2024-07-09 03:00:00+00:00,108.79
2024-07-09 03:15:00+00:00,97.19
2024-07-09 03:30:00+00:00,97.19
2024-07-09 03:45:00+00:00,97.19
2024-07-09 04:00:00+00:00,97.19
2024-07-09 04:15:00+00:00,63.06
2024-07-09 04:30:00+00:00,63.06
2024-07-09 04:45:00+00:00,63.06
2024-07-09 05:00:00+00:00,1000.0
2024-07-09 05:15:00+00:00,1000.0
2024-07-09 05:30:00+00:00,98.77
2024-07-09 05:45:00+00:00,60.91
2024-07-09 06:00:00+00:00,98.77
2024-07-09 06:15:00+00:00,37.34
2024-07-09 06:30:00+00:00,37.34
2024-07-09 06:45:00+00:00,37.34
2024-07-09 07:00:00+00:00,37.34
2024-07-09 07:15:00+00:00,223.39
2024-07-09 07:30:00+00:00,223.39
2024-07-09 07:45:00+00:00,223.39
2024-07-09 08:00:00+00:00,223.39
2024-07-09 08:15:00+00:00,302.35
2024-07-09 08:30:00+00:00,302.35
2024-07-09 10:45:00+00:00,302.35
2024-07-09 11:00:00+00:00,302.35
2024-07-09 11:15:00+00:00,271.39
2024-07-09 11:30:00+00:00,271.39
2024-07-09 11:45:00+00:00,271.39
2024-07-09 12:00:00+00:00,271.39
2024-07-09 12:15:00+00:00,298.11
2024-07-09 12:30:00+00:00,275.39
2024-07-09 12:45:00+00:00,275.39
2024-07-09 13:00:00+00:00,275.39
2024-07-09 13:15:00+00:00,254.6
2024-07-09 13:30:00+00:00,254.6
2024-07-09 13:45:00+00:00,231.88
2024-07-09 14:00:00+00:00,254.6
2024-07-09 14:15:00+00:00,169.38
2024-07-09 14:30:00+00:00,169.38
2024-07-09 14:45:00+00:00,59.9
2024-07-09 15:00:00+00:00,169.38
2024-07-09 15:15:00+00:00,111.97
2024-07-09 15:30:00+00:00,111.97
2024-07-09 15:45:00+00:00,93.8
2024-07-09 16:00:00+00:00,1000.0
2024-07-09 16:15:00+00:00,39.9
2024-07-09 16:30:00+00:00,37.34
2024-07-09 16:45:00+00:00,37.34
2024-07-09 17:00:00+00:00,37.34
2024-07-09 17:15:00+00:00,37.34
2024-07-09 17:30:00+00:00,37.34
2024-07-09 17:45:00+00:00,37.34
2024-07-09 18:00:00+00:00,10.0
2024-07-09 18:15:00+00:00,37.34
2024-07-09 18:45:00+00:00,37.34
2024-07-09 19:00:00+00:00,37.34
2024-07-09 19:15:00+00:00,10.0
2024-07-09 19:30:00+00:00,10.0
2024-07-09 19:45:00+00:00,37.34
2024-07-09 20:00:00+00:00,37.34
2024-07-09 20:15:00+00:00,89.04
2024-07-09 20:30:00+00:00,69.04
2024-07-09 20:45:00+00:00,69.04
2024-07-09 21:00:00+00:00,69.04
2024-07-09 21:15:00+00:00,78.17
2024-07-09 21:30:00+00:00,77.64
2024-07-09 21:45:00+00:00,77.64
2024-07-09 22:00:00+00:00,78.17
2024-07-09 22:15:00+00:00,1000.0
2024-07-09 22:30:00+00:00,1000.0
2024-07-09 22:45:00+00:00,134.83
2024-07-09 23:00:00+00:00,143.87
2024-07-09 23:15:00+00:00,195.29
2024-07-09 23:30:00+00:00,195.29
2024-07-09 23:45:00+00:00,195.29
2024-07-10 00:00:00+00:00,195.29
2024-07-10 00:15:00+00:00,211.34
2024-07-10 00:30:00+00:00,201.8
2024-07-10 00:45:00+00:00,201.8
2024-07-10 01:00:00+00:00,201.8
2024-07-10 01:15:00+00:00,213.83
2024-07-10 01:30:00+00:00,182.09
2024-07-10 01:45:00+00:00,182.09
2024-07-10 02:00:00+00:00,182.09
2024-07-10 02:15:00+00:00,215.38
2024-07-10 02:30:00+00:00,215.38
2024-07-10 02:45:00+00:00,215.38
2024-07-10 03:00:00+00:00,215.38
2024-07-10 03:15:00+00:00,216.5
2024-07-10 03:30:00+00:00,216.5
2024-07-10 03:45:00+00:00,216.5
2024-07-10 04:00:00+00:00,1000.0
2024-07-10 04:15:00+00:00,1000.0
2024-07-10 04:30:00+00:00,1000.0
2024-07-10 04:45:00+00:00,1000.0
2024-07-10 05:00:00+00:00,1000.0
2024-07-10 05:15:00+00:00,1000.0
2024-07-10 05:30:00+00:00,1000.0
2024-07-10 05:45:00+00:00,1000.0
2024-07-10 06:00:00+00:00,1000.0
2024-07-10 06:15:00+00:00,217.29
2024-07-10 06:30:00+00:00,216.96
2024-07-10 06:45:00+00:00,216.96
2024-07-10 07:00:00+00:00,217.29
2024-07-10 07:15:00+00:00,324.78
2024-07-10 07:30:00+00:00,1000.0
2024-07-10 07:45:00+00:00,1000.0
2024-07-10 08:00:00+00:00,1000.0
2024-07-10 08:15:00+00:00,1000.0
2024-07-10 08:30:00+00:00,1000.0
2024-07-10 08:45:00+00:00,1000.0
2024-07-10 09:00:00+00:00,1000.0
2024-07-10 09:15:00+00:00,1000.0
2024-07-10 09:30:00+00:00,1000.0
2024-07-10 09:45:00+00:00,1000.0
2024-07-10 10:00:00+00:00,1000.0
2024-07-10 10:15:00+00:00,1000.0
2024-07-10 10:30:00+00:00,1000.0
2024-07-10 10:45:00+00:00,1000.0
2024-07-10 11:00:00+00:00,1000.0
2024-07-10 11:15:00+00:00,1000.0
2024-07-10 11:30:00+00:00,1000.0
2024-07-10 11:45:00+00:00,1000.0
2024-07-10 12:00:00+00:00,1000.0
2024-07-10 12:15:00+00:00,1000.0
2024-07-10 12:30:00+00:00,1000.0
2024-07-10 12:45:00+00:00,1000.0
2024-07-10 13:00:00+00:00,1000.0
2024-07-10 13:15:00+00:00,1000.0
2024-07-10 13:30:00+00:00,1000.0
2024-07-10 13:45:00+00:00,1000.0
2024-07-10 14:00:00+00:00,1000.0
2024-07-10 14:15:00+00:00,1000.0
2024-07-10 14:30:00+00:00,1000.0
2024-07-10 14:45:00+00:00,1000.0
2024-07-10 15:00:00+00:00,1000.0
2024-07-10 15:15:00+00:00,1000.0
2024-07-10 15:30:00+00:00,101.75
2024-07-10 15:45:00+00:00,81.85
2024-07-10 16:00:00+00:00,1000.0
2024-07-10 16:15:00+00:00,1000.0
2024-07-10 16:30:00+00:00,40.91
2024-07-10 16:45:00+00:00,40.91
2024-07-10 17:00:00+00:00,40.91
2024-07-10 17:15:00+00:00,92.27
2024-07-10 17:30:00+00:00,38.78
2024-07-10 17:45:00+00:00,38.78
2024-07-10 18:00:00+00:00,38.78
2024-07-10 18:15:00+00:00,30.26
2024-07-10 18:30:00+00:00,30.26
2024-07-10 18:45:00+00:00,30.26
2024-07-10 19:00:00+00:00,30.36
2024-07-10 19:15:00+00:00,30.26
2024-07-10 19:30:00+00:00,30.26
2024-07-10 19:45:00+00:00,30.26
2024-07-10 20:00:00+00:00,71.54
2024-07-10 20:15:00+00:00,91.89
2024-07-10 20:30:00+00:00,91.89
2024-07-10 20:45:00+00:00,91.89
2024-07-10 21:00:00+00:00,91.89
2024-07-10 21:15:00+00:00,95.02
2024-07-10 21:30:00+00:00,54.31
2024-07-10 21:45:00+00:00,54.31
2024-07-10 22:00:00+00:00,54.31
2024-07-10 22:15:00+00:00,69.41
2024-07-10 22:30:00+00:00,69.41
2024-07-10 22:45:00+00:00,70.41
2024-07-10 23:00:00+00:00,70.41
2024-07-10 23:15:00+00:00,69.91
2024-07-10 23:30:00+00:00,68.91
2024-07-10 23:45:00+00:00,68.91
2024-07-11 00:00:00+00:00,69.91
2024-07-11 00:15:00+00:00,66.73
2024-07-11 00:30:00+00:00,66.73
2024-07-11 00:45:00+00:00,66.73
2024-07-11 01:00:00+00:00,66.73
2024-07-11 01:15:00+00:00,63.16
2024-07-11 01:30:00+00:00,38.58
2024-07-11 01:45:00+00:00,38.58
2024-07-11 02:00:00+00:00,38.58
2024-07-11 02:15:00+00:00,38.58
2024-07-11 02:30:00+00:00,38.58
2024-07-11 02:45:00+00:00,38.58
2024-07-11 03:00:00+00:00,54.56
2024-07-11 03:15:00+00:00,54.7
2024-07-11 03:30:00+00:00,54.7
2024-07-11 03:45:00+00:00,54.7
2024-07-11 04:00:00+00:00,54.7
2024-07-11 04:15:00+00:00,66.16
2024-07-11 04:30:00+00:00,66.16
2024-07-11 04:45:00+00:00,66.16
2024-07-11 05:00:00+00:00,66.16
2024-07-11 05:15:00+00:00,60.91
2024-07-11 05:30:00+00:00,60.91
2024-07-11 05:45:00+00:00,60.91
2024-07-11 06:00:00+00:00,60.91
2024-07-11 06:15:00+00:00,38.58
2024-07-11 06:30:00+00:00,38.58
2024-07-11 06:45:00+00:00,38.58
2024-07-11 07:00:00+00:00,38.58
2024-07-11 07:15:00+00:00,38.58
2024-07-11 07:30:00+00:00,38.58
2024-07-11 07:45:00+00:00,38.58
2024-07-11 08:00:00+00:00,38.58
2024-07-11 08:15:00+00:00,88.49
2024-07-11 08:30:00+00:00,88.49
2024-07-11 08:45:00+00:00,88.49
2024-07-11 09:00:00+00:00,88.49
2024-07-11 09:15:00+00:00,92.44
2024-07-11 09:30:00+00:00,92.44
2024-07-11 09:45:00+00:00,92.44
2024-07-11 10:00:00+00:00,92.44
2024-07-11 10:15:00+00:00,101.56
2024-07-11 10:30:00+00:00,101.56
2024-07-11 10:45:00+00:00,101.56
2024-07-11 11:00:00+00:00,101.56
