dt,CEN,COR,CEB_SR,CSDAC
2024-06-30 22:00:00+00:00,605.54,10.0,605.54,413.14
2024-06-30 22:15:00+00:00,721.25,10.0,721.25,527.82
2024-06-30 22:30:00+00:00,716.9,10.0,716.9,527.82
2024-06-30 22:45:00+00:00,544.14,10.0,544.14,527.82
2024-06-30 23:00:00+00:00,527.82,10.0,527.36,527.82
2024-06-30 23:15:00+00:00,544.14,10.0,544.14,486.29
2024-06-30 23:30:00+00:00,544.14,10.0,544.14,486.29
2024-06-30 23:45:00+00:00,539.11,10.0,539.11,486.29
2024-07-01 00:00:00+00:00,486.29,10.0,452.31,486.29
2024-07-01 00:15:00+00:00,544.14,10.0,544.14,417.8
2024-07-01 00:30:00+00:00,544.14,10.0,544.14,417.8
2024-07-01 00:45:00+00:00,542.38,10.0,542.38,417.8
2024-07-01 01:00:00+00:00,544.14,10.0,544.14,417.8
2024-07-01 01:15:00+00:00,544.14,10.0,544.14,384.5
2024-07-01 01:30:00+00:00,544.14,10.0,544.14,384.5
2024-07-01 01:45:00+00:00,544.14,10.0,544.14,384.5
2024-07-01 02:00:00+00:00,534.37,10.0,534.37,384.5
2024-07-01 02:15:00+00:00,443.19,10.0,443.19,380.41
2024-07-01 02:30:00+00:00,369.7,10.0,369.7,380.41
2024-07-01 02:45:00+00:00,366.7,10.0,366.7,380.41
2024-07-01 03:00:00+00:00,368.7,10.0,368.7,380.41
2024-07-01 03:15:00+00:00,370.81,0.0,370.81,384.98
2024-07-01 03:30:00+00:00,370.81,0.0,370.81,384.98
2024-07-01 03:45:00+00:00,376.81,0.0,376.81,384.98
2024-07-01 04:00:00+00:00,516.06,0.0,516.06,384.98
2024-07-01 04:15:00+00:00,618.05,0.0,534.14,618.05
2024-07-01 04:30:00+00:00,618.05,0.0,534.14,618.05
2024-07-01 04:45:00+00:00,618.05,0.0,552.59,618.05
2024-07-01 05:00:00+00:00,618.05,0.0,603.89,618.05
2024-07-01 05:15:00+00:00,631.04,10.0,631.04,624.65
2024-07-01 05:30:00+00:00,746.91,10.0,746.91,624.65
2024-07-01 05:45:00+00:00,666.63,10.0,666.63,624.65
2024-07-01 06:00:00+00:00,654.04,10.0,654.04,624.65
2024-07-01 06:15:00+00:00,679.0,10.0,679.0,623.53
2024-07-01 06:30:00+00:00,679.0,10.0,679.0,623.53
2024-07-01 06:45:00+00:00,657.0,10.0,657.0,623.53
2024-07-01 07:00:00+00:00,626.05,10.0,626.05,623.53
2024-07-01 07:15:00+00:00,665.87,10.0,665.87,621.29
2024-07-01 07:30:00+00:00,621.29,10.0,582.67,621.29
2024-07-01 07:45:00+00:00,621.29,10.0,546.61,621.29
2024-07-01 08:00:00+00:00,621.29,10.0,570.76,621.29
2024-07-01 08:15:00+00:00,623.47,10.0,623.47,548.96
2024-07-01 08:30:00+00:00,755.87,25.63,755.87,548.96
2024-07-01 08:45:00+00:00,751.76,14.85,751.76,548.96
2024-07-01 09:00:00+00:00,740.24,10.0,740.24,548.96
2024-07-01 09:15:00+00:00,665.87,10.0,665.87,554.39
2024-07-01 09:30:00+00:00,554.39,10.0,544.14,554.39
2024-07-01 09:45:00+00:00,554.39,10.0,544.86,554.39
2024-07-01 10:00:00+00:00,554.39,10.0,544.86,554.39
2024-07-01 10:15:00+00:00,544.14,10.0,544.14,505.83
2024-07-01 10:30:00+00:00,544.14,10.0,544.14,505.83
2024-07-01 10:45:00+00:00,544.14,10.0,544.14,505.83
2024-07-01 11:00:00+00:00,544.14,10.0,544.14,505.83
2024-07-01 11:15:00+00:00,503.59,10.0,493.71,503.59
2024-07-01 11:30:00+00:00,503.59,10.0,493.71,503.59
2024-07-01 11:45:00+00:00,503.59,10.0,402.87,503.59
2024-07-01 12:00:00+00:00,465.97,10.0,465.97,503.59
2024-07-01 12:15:00+00:00,396.98,10.0,396.98,588.29
2024-07-01 12:30:00+00:00,390.67,10.0,390.67,588.29
2024-07-01 12:45:00+00:00,450.88,10.0,450.88,588.29
2024-07-01 13:00:00+00:00,450.88,10.0,450.88,588.29
2024-07-01 13:15:00+00:00,393.82,10.0,393.82,535.29
2024-07-01 13:30:00+00:00,393.82,10.0,393.82,535.29
2024-07-01 13:45:00+00:00,447.86,10.0,447.86,535.29
2024-07-01 14:00:00+00:00,451.86,10.0,451.86,535.29
2024-07-01 14:15:00+00:00,390.67,10.0,390.67,763.57
2024-07-01 14:30:00+00:00,390.67,10.0,390.67,763.57
2024-07-01 14:45:00+00:00,396.98,10.0,396.98,763.57
2024-07-01 15:00:00+00:00,464.0,10.0,464.0,763.57
2024-07-01 15:15:00+00:00,435.47,0.0,435.47,866.48
2024-07-01 15:30:00+00:00,455.97,0.0,455.97,866.48
2024-07-01 15:45:00+00:00,497.2,0.0,497.2,866.48
2024-07-01 16:00:00+00:00,597.0,0.0,597.0,866.48
2024-07-01 16:15:00+00:00,841.0,0.0,841.0,1199.32
2024-07-01 16:30:00+00:00,846.0,0.0,846.0,1199.32
2024-07-01 16:45:00+00:00,1199.32,0.0,665.23,1199.32
2024-07-01 17:00:00+00:00,1199.32,0.0,736.91,1199.32
2024-07-01 17:15:00+00:00,1349.62,0.0,428.44,1349.62
2024-07-01 17:30:00+00:00,1349.62,0.0,795.47,1349.62
2024-07-01 17:45:00+00:00,1349.62,0.0,934.17,1349.62
2024-07-01 18:00:00+00:00,1349.62,0.0,1117.83,1349.62
2024-07-01 18:15:00+00:00,1454.17,0.0,1117.83,1454.17
2024-07-01 18:30:00+00:00,1454.17,0.0,1117.83,1454.17
2024-07-01 18:45:00+00:00,1454.17,0.0,1117.91,1454.17
2024-07-01 19:00:00+00:00,1454.17,0.0,1133.3,1454.17
2024-07-01 19:15:00+00:00,1124.36,0.0,978.09,1124.36
2024-07-01 19:30:00+00:00,1124.36,0.0,934.3,1124.36
2024-07-01 19:45:00+00:00,1124.36,0.0,932.42,1124.36
2024-07-01 20:00:00+00:00,1124.36,0.0,711.25,1124.36
2024-07-01 20:15:00+00:00,824.52,0.0,700.58,824.52
2024-07-01 20:30:00+00:00,824.52,0.0,710.88,824.52
2024-07-01 20:45:00+00:00,824.52,0.0,551.46,824.52
2024-07-01 21:00:00+00:00,824.52,0.0,452.04,824.52
2024-07-01 21:15:00+00:00,604.64,0.0,586.0,604.64
2024-07-01 21:30:00+00:00,604.64,0.0,557.79,604.64
2024-07-01 21:45:00+00:00,604.64,0.0,446.75,604.64
2024-07-01 22:00:00+00:00,481.0,0.0,481.0,604.64
2024-07-01 22:15:00+00:00,717.4,10.0,635.49,717.4
2024-07-01 22:30:00+00:00,717.4,10.0,636.44,717.4
2024-07-01 22:45:00+00:00,717.4,0.0,501.54,717.4
2024-07-01 23:00:00+00:00,607.0,0.0,607.0,717.4
2024-07-01 23:15:00+00:00,629.28,0.0,537.53,629.28
2024-07-01 23:30:00+00:00,629.28,0.0,486.39,629.28
2024-07-01 23:45:00+00:00,629.28,0.0,430.1,629.28
2024-07-02 00:00:00+00:00,531.0,0.0,531.0,629.28
2024-07-02 00:15:00+00:00,509.0,0.0,509.0,591.89
2024-07-02 00:30:00+00:00,591.89,0.0,426.72,591.89
2024-07-02 00:45:00+00:00,591.89,0.0,401.96,591.89
2024-07-02 01:00:00+00:00,507.0,0.0,507.0,591.89
2024-07-02 01:15:00+00:00,555.19,0.0,430.47,555.19
2024-07-02 01:30:00+00:00,498.22,0.0,498.22,555.19
2024-07-02 01:45:00+00:00,428.44,0.0,428.44,555.19
2024-07-02 02:00:00+00:00,427.72,0.0,427.72,555.19
2024-07-02 02:15:00+00:00,412.0,0.0,412.0,523.55
2024-07-02 02:30:00+00:00,428.44,0.0,428.44,523.55
2024-07-02 02:45:00+00:00,413.0,0.0,413.0,523.55
2024-07-02 03:00:00+00:00,523.55,0.0,401.96,523.55
2024-07-02 03:15:00+00:00,419.0,0.0,419.0,537.91
2024-07-02 03:30:00+00:00,327.41,0.0,327.41,537.91
2024-07-02 03:45:00+00:00,417.0,0.0,417.0,537.91
2024-07-02 04:00:00+00:00,420.0,0.0,420.0,537.91
2024-07-02 04:15:00+00:00,146.02,0.0,146.02,643.04
2024-07-02 04:30:00+00:00,562.0,0.0,562.0,643.04
2024-07-02 04:45:00+00:00,643.04,0.0,500.99,643.04
2024-07-02 05:00:00+00:00,643.04,0.0,565.49,643.04
2024-07-02 05:15:00+00:00,607.54,10.0,607.54,458.56
2024-07-02 05:30:00+00:00,607.54,10.0,607.54,458.56
2024-07-02 05:45:00+00:00,646.84,10.0,646.84,458.56
2024-07-02 06:00:00+00:00,458.56,10.0,623.81,458.56
2024-07-02 06:15:00+00:00,725.26,10.0,725.26,610.59
2024-07-02 06:30:00+00:00,646.84,10.0,646.84,610.59
2024-07-02 06:45:00+00:00,523.9,10.0,523.9,610.59
2024-07-02 07:00:00+00:00,539.58,10.0,539.58,610.59
2024-07-02 07:15:00+00:00,736.54,10.0,736.54,461.53
2024-07-02 07:30:00+00:00,723.21,10.0,723.21,461.53
2024-07-02 07:45:00+00:00,497.92,10.0,497.92,461.53
2024-07-02 08:00:00+00:00,461.53,10.0,461.15,461.53
2024-07-02 08:15:00+00:00,513.92,10.0,513.92,359.32
2024-07-02 08:30:00+00:00,462.99,10.0,462.99,359.32
2024-07-02 08:45:00+00:00,450.38,10.0,450.38,359.32
2024-07-02 09:00:00+00:00,450.38,10.0,450.38,359.32
2024-07-02 09:15:00+00:00,457.99,10.0,457.99,321.37
2024-07-02 09:30:00+00:00,456.99,10.0,456.99,321.37
2024-07-02 09:45:00+00:00,489.92,10.0,489.92,321.37
2024-07-02 10:00:00+00:00,548.82,10.0,548.82,321.37
2024-07-02 10:15:00+00:00,594.99,10.0,594.99,314.19
2024-07-02 10:30:00+00:00,619.99,10.0,619.99,314.19
2024-07-02 10:45:00+00:00,649.34,10.0,649.34,314.19
2024-07-02 11:00:00+00:00,644.99,10.0,644.99,314.19
2024-07-02 11:15:00+00:00,601.99,10.0,601.99,305.34
2024-07-02 11:30:00+00:00,585.84,10.0,585.84,305.34
2024-07-02 11:45:00+00:00,467.94,10.0,467.94,305.34
2024-07-02 12:00:00+00:00,434.99,10.0,434.99,305.34
2024-07-02 12:15:00+00:00,423.99,10.0,423.99,274.95
2024-07-02 12:30:00+00:00,421.99,10.0,421.99,274.95
2024-07-02 12:45:00+00:00,420.47,10.0,420.47,274.95
2024-07-02 13:00:00+00:00,409.99,0.0,409.99,274.95
2024-07-02 13:15:00+00:00,290.55,0.0,427.72,290.55
2024-07-02 13:30:00+00:00,290.55,0.0,473.55,290.55
2024-07-02 13:45:00+00:00,290.55,0.0,513.9,290.55
2024-07-02 14:00:00+00:00,290.55,0.0,489.52,290.55
2024-07-02 14:15:00+00:00,343.5,0.0,428.44,343.5
2024-07-02 14:30:00+00:00,343.5,10.0,438.44,343.5
2024-07-02 14:45:00+00:00,343.5,10.0,755.0,343.5
2024-07-02 15:00:00+00:00,367.12,10.0,367.12,343.5
2024-07-02 15:15:00+00:00,396.0,0.0,396.0,409.39
2024-07-02 15:30:00+00:00,383.49,0.0,383.49,409.39
2024-07-02 15:45:00+00:00,400.0,0.0,400.0,409.39
2024-07-02 16:00:00+00:00,409.39,0.0,357.13,409.39
2024-07-02 16:15:00+00:00,380.33,0.0,380.33,753.63
2024-07-02 16:30:00+00:00,273.28,0.0,273.28,753.63
2024-07-02 16:45:00+00:00,445.36,0.0,445.36,753.63
2024-07-02 17:00:00+00:00,745.0,0.0,745.0,753.63
2024-07-02 17:15:00+00:00,386.64,0.0,386.64,487.28
2024-07-02 17:30:00+00:00,403.89,0.0,403.89,487.28
2024-07-02 17:45:00+00:00,449.86,0.0,449.86,487.28
2024-07-02 18:00:00+00:00,487.28,0.0,613.81,487.28
2024-07-02 18:15:00+00:00,483.03,0.0,483.03,607.67
2024-07-02 18:30:00+00:00,449.86,0.0,449.86,607.67
2024-07-02 18:45:00+00:00,490.42,0.0,490.42,607.67
2024-07-02 19:00:00+00:00,539.52,0.0,539.52,607.67
2024-07-02 19:15:00+00:00,485.26,10.0,492.84,485.26
2024-07-02 19:30:00+00:00,467.23,10.0,467.23,485.26
2024-07-02 19:45:00+00:00,399.84,10.0,399.84,485.26
2024-07-02 20:00:00+00:00,339.06,10.0,339.06,485.26
2024-07-02 20:15:00+00:00,387.18,10.0,387.18,514.31
2024-07-02 20:30:00+00:00,345.46,10.0,345.46,514.31
2024-07-02 20:45:00+00:00,247.97,0.0,247.97,514.31
2024-07-02 21:00:00+00:00,136.07,0.0,136.07,514.31
2024-07-02 21:15:00+00:00,445.46,10.0,465.0,445.46
2024-07-02 21:30:00+00:00,445.46,10.0,492.84,445.46
2024-07-02 21:45:00+00:00,445.46,0.0,453.0,445.46
2024-07-02 22:00:00+00:00,288.89,0.0,288.89,445.46
2024-07-02 22:15:00+00:00,437.0,10.0,437.0,450.0
2024-07-02 22:30:00+00:00,450.0,10.0,317.7,450.0
2024-07-02 22:45:00+00:00,435.0,10.0,435.0,450.0
2024-07-02 23:00:00+00:00,377.34,0.0,377.34,450.0
2024-07-02 23:15:00+00:00,325.26,0.0,325.26,400.01
2024-07-02 23:30:00+00:00,323.0,0.0,323.0,400.01
2024-07-02 23:45:00+00:00,321.15,0.0,321.15,400.01
2024-07-03 00:00:00+00:00,321.0,0.0,321.0,400.01
2024-07-03 00:15:00+00:00,317.0,0.0,317.0,400.79
2024-07-03 00:30:00+00:00,315.0,0.0,315.0,400.79
2024-07-03 00:45:00+00:00,315.0,0.0,315.0,400.79
2024-07-03 01:00:00+00:00,272.21,0.0,272.21,400.79
2024-07-03 01:15:00+00:00,273.28,0.0,273.28,399.53
2024-07-03 01:30:00+00:00,308.4,0.0,308.4,399.53
2024-07-03 01:45:00+00:00,310.4,0.0,310.4,399.53
2024-07-03 02:00:00+00:00,315.4,0.0,315.4,399.53
2024-07-03 02:15:00+00:00,320.27,0.0,320.27,402.95
2024-07-03 02:30:00+00:00,320.27,0.0,320.27,402.95
2024-07-03 02:45:00+00:00,320.27,0.0,320.27,402.95
2024-07-03 03:00:00+00:00,320.27,0.0,320.27,402.95
2024-07-03 03:15:00+00:00,322.0,0.0,322.0,390.05
2024-07-03 03:30:00+00:00,320.27,0.0,320.27,390.05
2024-07-03 03:45:00+00:00,320.27,0.0,320.27,390.05
2024-07-03 04:00:00+00:00,318.66,0.0,318.66,390.05
2024-07-03 04:15:00+00:00,240.28,0.0,240.28,456.97
2024-07-03 04:30:00+00:00,374.14,0.0,374.14,456.97
2024-07-03 04:45:00+00:00,456.0,0.0,456.0,456.97
2024-07-03 05:00:00+00:00,454.0,0.0,454.0,456.97
2024-07-03 05:15:00+00:00,411.1,10.0,411.1,494.46
2024-07-03 05:30:00+00:00,452.67,10.0,452.67,494.46
2024-07-03 05:45:00+00:00,413.1,10.0,413.1,494.46
2024-07-03 06:00:00+00:00,409.1,10.0,409.1,494.46
2024-07-03 06:15:00+00:00,412.89,10.0,412.89,484.41
2024-07-03 06:30:00+00:00,400.0,10.0,400.0,484.41
2024-07-03 06:45:00+00:00,396.8,10.0,396.8,484.41
2024-07-03 07:00:00+00:00,413.0,10.0,413.0,484.41
2024-07-03 07:15:00+00:00,402.43,10.0,485.07,402.43
2024-07-03 07:30:00+00:00,402.43,10.0,465.78,402.43
2024-07-03 07:45:00+00:00,364.67,10.0,364.67,402.43
2024-07-03 08:00:00+00:00,362.67,10.0,362.67,402.43
2024-07-03 08:15:00+00:00,326.78,10.0,326.78,379.53
2024-07-03 08:30:00+00:00,293.0,10.0,293.0,379.53
2024-07-03 08:45:00+00:00,329.94,10.0,329.94,379.53
2024-07-03 09:00:00+00:00,379.53,10.0,393.65,379.53
2024-07-03 09:15:00+00:00,432.67,10.0,432.67,425.03
2024-07-03 09:30:00+00:00,515.08,10.0,515.08,425.03
2024-07-03 09:45:00+00:00,425.03,10.0,465.78,425.03
2024-07-03 10:00:00+00:00,425.03,10.0,486.78,425.03
2024-07-03 10:15:00+00:00,380.4,10.0,452.67,380.4
2024-07-03 10:30:00+00:00,380.4,10.0,387.34,380.4
2024-07-03 10:45:00+00:00,157.1,10.0,157.1,380.4
2024-07-03 11:00:00+00:00,115.06,10.0,115.06,380.4
2024-07-03 11:15:00+00:00,136.03,10.0,136.03,375.77
2024-07-03 11:30:00+00:00,333.11,10.0,333.11,375.77
2024-07-03 11:45:00+00:00,323.66,10.0,323.66,375.77
2024-07-03 12:00:00+00:00,115.06,10.0,115.06,375.77
2024-07-03 12:15:00+00:00,95.16,10.0,95.16,384.51
2024-07-03 12:30:00+00:00,115.06,10.0,115.06,384.51
2024-07-03 12:45:00+00:00,384.14,10.0,384.14,384.51
2024-07-03 13:00:00+00:00,384.51,10.0,396.8,384.51
2024-07-03 13:15:00+00:00,384.14,10.0,384.14,425.07
2024-07-03 13:30:00+00:00,390.49,10.0,390.49,425.07
2024-07-03 13:45:00+00:00,412.89,10.0,412.89,425.07
2024-07-03 14:00:00+00:00,425.07,10.0,445.28,425.07
2024-07-03 14:15:00+00:00,352.3,10.0,384.14,352.3
2024-07-03 14:30:00+00:00,352.3,10.0,390.49,352.3
2024-07-03 14:45:00+00:00,352.3,10.0,400.0,352.3
2024-07-03 15:00:00+00:00,352.3,10.0,489.41,352.3
2024-07-03 15:15:00+00:00,410.83,0.0,435.28,410.83
2024-07-03 15:30:00+00:00,386.8,0.0,386.8,410.83
2024-07-03 15:45:00+00:00,410.83,0.0,442.67,410.83
2024-07-03 16:00:00+00:00,410.83,0.0,467.28,410.83
2024-07-03 16:15:00+00:00,383.65,0.0,383.65,691.32
2024-07-03 16:30:00+00:00,386.8,0.0,386.8,691.32
2024-07-03 16:45:00+00:00,691.32,0.0,634.92,691.32
2024-07-03 17:00:00+00:00,712.08,0.0,712.08,691.32
2024-07-03 17:15:00+00:00,490.27,0.0,490.27,822.43
2024-07-03 17:30:00+00:00,483.03,0.0,483.03,822.43
2024-07-03 17:45:00+00:00,496.2,0.0,496.2,822.43
2024-07-03 18:00:00+00:00,822.43,0.0,728.56,822.43
2024-07-03 18:15:00+00:00,490.27,0.0,490.27,973.76
2024-07-03 18:30:00+00:00,473.73,0.0,473.73,973.76
2024-07-03 18:45:00+00:00,479.1,0.0,479.1,973.76
2024-07-03 19:00:00+00:00,479.49,0.0,479.49,973.76
2024-07-03 19:15:00+00:00,520.04,10.0,520.04,804.77
2024-07-03 19:30:00+00:00,504.73,10.0,504.73,804.77
2024-07-03 19:45:00+00:00,487.32,10.0,487.32,804.77
2024-07-03 20:00:00+00:00,486.72,10.0,486.72,804.77
2024-07-03 20:15:00+00:00,654.32,10.0,654.32,720.58
2024-07-03 20:30:00+00:00,720.58,10.0,557.82,720.58
2024-07-03 20:45:00+00:00,477.28,10.0,477.28,720.58
2024-07-03 21:00:00+00:00,430.52,10.0,430.52,720.58
2024-07-03 21:15:00+00:00,528.03,10.0,528.03,503.33
2024-07-03 21:30:00+00:00,503.33,10.0,451.55,503.33
2024-07-03 21:45:00+00:00,465.78,10.0,465.78,503.33
2024-07-03 22:00:00+00:00,307.68,10.0,307.68,503.33
2024-07-03 22:15:00+00:00,534.58,10.0,445.51,534.58
2024-07-03 22:30:00+00:00,534.58,10.0,445.51,534.58
2024-07-03 22:45:00+00:00,451.0,10.0,451.0,534.58
2024-07-03 23:00:00+00:00,340.79,10.0,340.79,534.58
2024-07-03 23:15:00+00:00,384.49,10.0,384.49,493.45
2024-07-03 23:30:00+00:00,387.69,10.0,387.69,493.45
2024-07-03 23:45:00+00:00,354.0,10.0,354.0,493.45
2024-07-04 00:00:00+00:00,355.0,10.0,355.0,493.45
2024-07-04 00:15:00+00:00,323.69,10.0,323.69,402.42
2024-07-04 00:30:00+00:00,322.47,10.0,322.47,402.42
2024-07-04 00:45:00+00:00,319.69,10.0,319.69,402.42
2024-07-04 01:00:00+00:00,319.69,10.0,319.69,402.42
2024-07-04 01:15:00+00:00,317.0,10.0,317.0,394.72
2024-07-04 01:30:00+00:00,320.0,10.0,320.0,394.72
2024-07-04 01:45:00+00:00,324.99,10.0,324.99,394.72
2024-07-04 02:00:00+00:00,324.99,10.0,324.99,394.72
2024-07-04 02:15:00+00:00,322.47,10.0,322.47,397.56
2024-07-04 02:30:00+00:00,321.0,10.0,321.0,397.56
2024-07-04 02:45:00+00:00,324.0,10.0,324.0,397.56
2024-07-04 03:00:00+00:00,336.0,10.0,336.0,397.56
2024-07-04 03:15:00+00:00,332.69,0.0,332.69,449.57
2024-07-04 03:30:00+00:00,331.69,0.0,331.69,449.57
2024-07-04 03:45:00+00:00,328.69,0.0,328.69,449.57
2024-07-04 04:00:00+00:00,327.61,0.0,327.61,449.57
2024-07-04 04:15:00+00:00,452.0,0.0,452.0,615.85
2024-07-04 04:30:00+00:00,615.85,0.0,438.26,615.85
2024-07-04 04:45:00+00:00,615.85,0.0,484.99,615.85
2024-07-04 05:00:00+00:00,615.85,0.0,528.04,615.85
2024-07-04 05:15:00+00:00,574.0,10.0,574.0,521.76
2024-07-04 05:30:00+00:00,574.0,10.0,574.0,521.76
2024-07-04 05:45:00+00:00,573.0,10.0,573.0,521.76
2024-07-04 06:00:00+00:00,521.76,10.0,506.38,521.76
2024-07-04 06:15:00+00:00,508.0,10.0,508.0,492.33
2024-07-04 06:30:00+00:00,453.07,10.0,453.07,492.33
2024-07-04 06:45:00+00:00,387.69,10.0,387.69,492.33
2024-07-04 07:00:00+00:00,394.01,10.0,394.01,492.33
2024-07-04 07:15:00+00:00,428.14,10.0,428.14,361.76
2024-07-04 07:30:00+00:00,361.76,10.0,500.16,361.76
2024-07-04 07:45:00+00:00,361.76,10.0,412.89,361.76
2024-07-04 08:00:00+00:00,361.76,10.0,390.85,361.76
2024-07-04 08:15:00+00:00,275.33,10.0,411.89,275.33
2024-07-04 08:30:00+00:00,275.33,10.0,397.16,275.33
2024-07-04 08:45:00+00:00,189.99,10.0,189.99,275.33
2024-07-04 09:00:00+00:00,186.99,10.0,186.99,275.33
2024-07-04 09:15:00+00:00,308.03,10.0,394.01,308.03
2024-07-04 09:30:00+00:00,308.03,10.0,467.84,308.03
2024-07-04 09:45:00+00:00,308.03,10.0,485.5,308.03
2024-07-04 10:00:00+00:00,308.03,10.0,486.01,308.03
2024-07-04 10:15:00+00:00,415.0,10.0,415.0,311.86
2024-07-04 10:30:00+00:00,417.0,10.0,417.0,311.86
2024-07-04 10:45:00+00:00,418.0,10.0,418.0,311.86
2024-07-04 11:00:00+00:00,418.0,10.0,418.0,311.86
2024-07-04 11:15:00+00:00,425.76,10.0,425.76,309.32
2024-07-04 11:30:00+00:00,425.76,10.0,425.76,309.32
2024-07-04 11:45:00+00:00,421.76,10.0,421.76,309.32
2024-07-04 12:00:00+00:00,406.01,0.0,406.01,309.32
2024-07-04 12:15:00+00:00,308.42,0.0,450.45,308.42
2024-07-04 12:30:00+00:00,362.67,0.0,362.67,308.42
2024-07-04 12:45:00+00:00,413.99,10.0,413.99,308.42
2024-07-04 13:00:00+00:00,413.99,10.0,413.99,308.42
2024-07-04 13:15:00+00:00,291.04,0.0,471.92,291.04
2024-07-04 13:30:00+00:00,291.04,0.0,471.07,291.04
2024-07-04 13:45:00+00:00,291.04,0.0,479.93,291.04
2024-07-04 14:00:00+00:00,291.04,0.0,450.45,291.04
2024-07-04 14:15:00+00:00,352.21,0.0,435.67,352.21
2024-07-04 14:30:00+00:00,352.21,10.0,488.6,352.21
2024-07-04 14:45:00+00:00,424.13,10.0,424.13,352.21
2024-07-04 15:00:00+00:00,432.97,10.0,432.97,352.21
2024-07-04 15:15:00+00:00,435.67,0.0,435.67,463.77
2024-07-04 15:30:00+00:00,435.67,0.0,435.67,463.77
2024-07-04 15:45:00+00:00,463.77,0.0,482.84,463.77
2024-07-04 16:00:00+00:00,463.77,0.0,419.5,463.77
2024-07-04 16:15:00+00:00,413.57,0.0,413.57,710.79
2024-07-04 16:30:00+00:00,435.67,0.0,435.67,710.79
2024-07-04 16:45:00+00:00,710.79,0.0,494.63,710.79
2024-07-04 17:00:00+00:00,710.79,0.0,595.0,710.79
2024-07-04 17:15:00+00:00,849.58,0.0,662.0,849.58
2024-07-04 17:30:00+00:00,849.58,0.0,719.06,849.58
2024-07-04 17:45:00+00:00,849.58,0.0,749.89,849.58
2024-07-04 18:00:00+00:00,849.58,0.0,793.21,849.58
2024-07-04 18:15:00+00:00,803.59,0.0,762.8,803.59
2024-07-04 18:30:00+00:00,803.59,0.0,749.63,803.59
2024-07-04 18:45:00+00:00,803.59,0.0,743.68,803.59
2024-07-04 19:00:00+00:00,803.59,0.0,749.63,803.59
2024-07-04 19:15:00+00:00,749.89,10.0,749.89,611.67
2024-07-04 19:30:00+00:00,766.96,10.0,766.96,611.67
2024-07-04 19:45:00+00:00,611.67,10.0,607.73,611.67
2024-07-04 20:00:00+00:00,524.58,10.0,524.58,611.67
2024-07-04 20:15:00+00:00,546.71,10.0,466.59,546.71
2024-07-04 20:30:00+00:00,546.71,10.0,466.59,546.71
2024-07-04 20:45:00+00:00,461.0,10.0,461.0,546.71
2024-07-04 21:00:00+00:00,335.84,10.0,335.84,546.71
2024-07-04 21:15:00+00:00,423.57,10.0,423.57,482.74
2024-07-04 21:30:00+00:00,357.0,10.0,357.0,482.74
2024-07-04 21:45:00+00:00,354.0,10.0,354.0,482.74
2024-07-04 22:00:00+00:00,323.29,10.0,323.29,482.74
2024-07-04 22:15:00+00:00,522.49,10.0,425.52,522.49
2024-07-04 22:30:00+00:00,522.49,10.0,484.26,522.49
2024-07-04 22:45:00+00:00,522.49,10.0,425.52,522.49
2024-07-04 23:00:00+00:00,413.0,10.0,413.0,522.49
2024-07-04 23:15:00+00:00,481.06,10.0,424.38,481.06
2024-07-04 23:30:00+00:00,481.06,10.0,422.69,481.06
2024-07-04 23:45:00+00:00,481.06,10.0,431.25,481.06
2024-07-05 00:00:00+00:00,481.06,10.0,438.22,481.06
2024-07-05 00:15:00+00:00,520.09,10.0,520.09,450.42
2024-07-05 00:30:00+00:00,484.26,10.0,484.26,450.42
2024-07-05 00:45:00+00:00,450.42,10.0,434.73,450.42
2024-07-05 01:00:00+00:00,450.42,10.0,431.25,450.42
2024-07-05 01:15:00+00:00,448.92,10.0,431.25,448.92
2024-07-05 01:30:00+00:00,448.92,10.0,431.25,448.92
2024-07-05 01:45:00+00:00,448.92,10.0,417.46,448.92
2024-07-05 02:00:00+00:00,448.92,10.0,420.94,448.92
2024-07-05 02:15:00+00:00,424.38,10.0,424.38,394.81
2024-07-05 02:30:00+00:00,424.38,10.0,424.38,394.81
2024-07-05 02:45:00+00:00,417.46,10.0,417.46,394.81
2024-07-05 03:00:00+00:00,420.94,10.0,420.94,394.81
2024-07-05 03:15:00+00:00,393.99,0.0,477.75,393.99
2024-07-05 03:30:00+00:00,319.05,0.0,319.05,393.99
2024-07-05 03:45:00+00:00,410.94,0.0,410.94,393.99
2024-07-05 04:00:00+00:00,417.81,0.0,417.81,393.99
2024-07-05 04:15:00+00:00,526.44,0.0,450.01,526.44
2024-07-05 04:30:00+00:00,526.44,0.0,473.01,526.44
2024-07-05 04:45:00+00:00,588.08,0.0,588.08,526.44
2024-07-05 05:00:00+00:00,616.0,0.0,616.0,526.44
2024-07-05 05:15:00+00:00,716.7,10.0,716.7,475.05
2024-07-05 05:30:00+00:00,749.89,10.0,749.89,475.05
2024-07-05 05:45:00+00:00,729.89,10.0,729.89,475.05
2024-07-05 06:00:00+00:00,706.95,10.0,706.95,475.05
2024-07-05 06:15:00+00:00,659.63,10.0,659.63,348.31
2024-07-05 06:30:00+00:00,602.64,10.0,602.64,348.31
2024-07-05 06:45:00+00:00,348.31,10.0,447.58,348.31
2024-07-05 07:00:00+00:00,348.31,0.0,490.18,348.31
2024-07-05 07:15:00+00:00,396.91,0.0,396.91,153.21
2024-07-05 07:30:00+00:00,153.21,0.0,481.74,153.21
2024-07-05 07:45:00+00:00,74.0,0.0,74.0,153.21
2024-07-05 08:00:00+00:00,-17.66,0.0,-17.66,153.21
2024-07-05 08:15:00+00:00,-85.0,10.0,-85.0,9.88
2024-07-05 08:30:00+00:00,-82.0,10.0,-82.0,9.88
2024-07-05 08:45:00+00:00,-88.0,10.0,-88.0,9.88
2024-07-05 09:00:00+00:00,-85.0,10.0,-85.0,9.88
2024-07-05 09:15:00+00:00,-93.64,10.0,-93.64,0.52
2024-07-05 09:30:00+00:00,-324.18,10.0,-324.18,0.52
2024-07-05 09:45:00+00:00,-305.44,10.0,-305.44,0.52
2024-07-05 10:00:00+00:00,-305.44,10.0,-305.44,0.52
2024-07-05 10:15:00+00:00,-114.69,10.0,-114.69,-0.17
2024-07-05 10:30:00+00:00,-88.0,10.0,-88.0,-0.17
2024-07-05 10:45:00+00:00,-88.0,10.0,-88.0,-0.17
2024-07-05 11:00:00+00:00,-87.0,10.0,-87.0,-0.17
2024-07-05 11:15:00+00:00,-53.75,10.0,-53.75,-12.59
2024-07-05 11:30:00+00:00,-50.62,10.0,-50.62,-12.59
2024-07-05 11:45:00+00:00,-85.99,10.0,-85.99,-12.59
2024-07-05 12:00:00+00:00,-140.0,10.0,-140.0,-12.59
2024-07-05 12:15:00+00:00,-82.0,10.0,-82.0,-3.31
2024-07-05 12:30:00+00:00,-76.0,10.0,-76.0,-3.31
2024-07-05 12:45:00+00:00,-22.63,10.0,-22.63,-3.31
2024-07-05 13:00:00+00:00,-3.31,10.0,253.75,-3.31
2024-07-05 13:15:00+00:00,318.0,10.0,318.0,201.04
2024-07-05 13:30:00+00:00,319.0,10.0,319.0,201.04
2024-07-05 13:45:00+00:00,401.72,10.0,401.72,201.04
2024-07-05 14:00:00+00:00,319.0,10.0,319.0,201.04
2024-07-05 14:15:00+00:00,246.99,10.0,246.99,339.42
2024-07-05 14:30:00+00:00,247.99,10.0,247.99,339.42
2024-07-05 14:45:00+00:00,401.72,10.0,401.72,339.42
2024-07-05 15:00:00+00:00,509.72,10.0,509.72,339.42
2024-07-05 15:15:00+00:00,470.83,0.0,462.42,470.83
2024-07-05 15:30:00+00:00,470.83,0.0,424.73,470.83
2024-07-05 15:45:00+00:00,499.72,0.0,499.72,470.83
2024-07-05 16:00:00+00:00,593.65,0.0,593.65,470.83
2024-07-05 16:15:00+00:00,443.7,0.0,443.7,587.6
2024-07-05 16:30:00+00:00,441.7,0.0,441.7,587.6
2024-07-05 16:45:00+00:00,592.64,0.0,592.64,587.6
2024-07-05 17:00:00+00:00,693.21,0.0,693.21,587.6
2024-07-05 17:15:00+00:00,485.78,0.0,485.78,564.18
2024-07-05 17:30:00+00:00,490.39,0.0,490.39,564.18
2024-07-05 17:45:00+00:00,580.16,0.0,580.16,564.18
2024-07-05 18:00:00+00:00,619.48,0.0,619.48,564.18
2024-07-05 18:15:00+00:00,810.0,10.0,810.0,769.85
2024-07-05 18:30:00+00:00,839.89,10.0,839.89,769.85
2024-07-05 18:45:00+00:00,839.89,0.0,839.89,769.85
2024-07-05 19:00:00+00:00,869.89,10.0,869.89,769.85
2024-07-05 19:15:00+00:00,779.89,10.0,779.89,651.89
2024-07-05 19:30:00+00:00,676.84,10.0,676.84,651.89
2024-07-05 19:45:00+00:00,651.89,10.0,637.17,651.89
2024-07-05 20:00:00+00:00,651.89,10.0,637.17,651.89
2024-07-05 20:15:00+00:00,625.88,10.0,625.88,517.5
2024-07-05 20:30:00+00:00,584.15,10.0,584.15,517.5
2024-07-05 20:45:00+00:00,517.5,10.0,497.57,517.5
2024-07-05 21:00:00+00:00,455.7,10.0,455.7,517.5
2024-07-05 21:15:00+00:00,495.67,10.0,492.31,495.67
2024-07-05 21:30:00+00:00,495.67,10.0,462.76,495.67
2024-07-05 21:45:00+00:00,388.0,10.0,388.0,495.67
2024-07-05 22:00:00+00:00,316.15,0.0,316.15,495.67
2024-07-05 22:15:00+00:00,417.0,10.0,417.0,481.55
2024-07-05 22:30:00+00:00,414.0,10.0,414.0,481.55
2024-07-05 22:45:00+00:00,330.46,10.0,330.46,481.55
2024-07-05 23:00:00+00:00,317.28,0.0,317.28,481.55
2024-07-05 23:15:00+00:00,324.78,0.0,324.78,381.52
2024-07-05 23:30:00+00:00,117.16,0.0,117.16,381.52
2024-07-05 23:45:00+00:00,101.16,0.0,101.16,381.52
2024-07-06 00:00:00+00:00,106.11,0.0,106.11,381.52
2024-07-06 00:15:00+00:00,304.0,10.0,304.0,384.61
2024-07-06 00:30:00+00:00,295.0,0.0,295.0,384.61
2024-07-06 00:45:00+00:00,294.0,0.0,294.0,384.61
2024-07-06 01:00:00+00:00,294.0,0.0,294.0,384.61
2024-07-06 01:15:00+00:00,385.51,10.0,388.99,385.51
2024-07-06 01:30:00+00:00,458.87,10.0,458.87,385.51
2024-07-06 01:45:00+00:00,458.88,10.0,458.88,385.51
2024-07-06 02:00:00+00:00,458.88,10.0,458.88,385.51
2024-07-06 02:15:00+00:00,509.0,10.0,509.0,389.88
2024-07-06 02:30:00+00:00,554.29,10.0,554.29,389.88
2024-07-06 02:45:00+00:00,532.98,10.0,532.98,389.88
2024-07-06 03:00:00+00:00,508.0,10.0,508.0,389.88
2024-07-06 03:15:00+00:00,417.27,0.0,417.27,415.38
2024-07-06 03:30:00+00:00,311.69,0.0,311.69,415.38
2024-07-06 03:45:00+00:00,298.19,0.0,298.19,415.38
2024-07-06 04:00:00+00:00,117.16,0.0,117.16,415.38
2024-07-06 04:15:00+00:00,318.69,0.0,318.69,417.22
2024-07-06 04:30:00+00:00,421.98,0.0,421.98,417.22
2024-07-06 04:45:00+00:00,420.72,0.0,420.72,417.22
2024-07-06 05:00:00+00:00,424.18,0.0,424.18,417.22
2024-07-06 05:15:00+00:00,488.0,0.0,488.0,423.65
2024-07-06 05:30:00+00:00,466.61,0.0,466.61,423.65
2024-07-06 05:45:00+00:00,486.0,0.0,486.0,423.65
2024-07-06 06:00:00+00:00,466.62,0.0,466.62,423.65
2024-07-06 06:15:00+00:00,444.77,10.0,444.77,329.71
2024-07-06 06:30:00+00:00,427.81,10.0,427.81,329.71
2024-07-06 06:45:00+00:00,31.32,10.0,31.32,329.71
2024-07-06 07:00:00+00:00,18.03,10.0,18.03,329.71
2024-07-06 07:15:00+00:00,-466.54,10.0,-466.54,100.03
2024-07-06 07:30:00+00:00,-399.09,0.0,-399.09,100.03
2024-07-06 07:45:00+00:00,-399.09,0.0,-399.09,100.03
2024-07-06 08:00:00+00:00,-399.09,0.0,-399.09,100.03
2024-07-06 08:15:00+00:00,-576.77,10.0,-576.77,-8.91
2024-07-06 08:30:00+00:00,-576.77,10.0,-576.77,-8.91
2024-07-06 08:45:00+00:00,-576.77,10.0,-576.77,-8.91
2024-07-06 09:00:00+00:00,-576.77,10.0,-576.77,-8.91
2024-07-06 09:15:00+00:00,-646.77,10.0,-646.77,-52.42
2024-07-06 09:30:00+00:00,-646.77,10.0,-646.77,-52.42
2024-07-06 09:45:00+00:00,-646.77,10.0,-646.77,-52.42
2024-07-06 10:00:00+00:00,-646.77,10.0,-646.77,-52.42
2024-07-06 10:15:00+00:00,-741.77,10.0,-741.77,-99.6
2024-07-06 10:30:00+00:00,-741.77,10.0,-741.77,-99.6
2024-07-06 10:45:00+00:00,-424.68,10.0,-424.68,-99.6
2024-07-06 11:00:00+00:00,-424.68,10.0,-424.68,-99.6
2024-07-06 11:15:00+00:00,-424.68,10.0,-424.68,-7.59
2024-07-06 11:30:00+00:00,-424.68,10.0,-424.68,-7.59
2024-07-06 11:45:00+00:00,-424.68,10.0,-424.68,-7.59
2024-07-06 12:00:00+00:00,-424.68,10.0,-424.68,-7.59
2024-07-06 12:15:00+00:00,-424.68,10.0,-424.68,-112.67
2024-07-06 12:30:00+00:00,-424.68,10.0,-424.68,-112.67
2024-07-06 12:45:00+00:00,-424.68,10.0,-424.68,-112.67
2024-07-06 13:00:00+00:00,-424.68,10.0,-424.68,-112.67
2024-07-06 13:15:00+00:00,-369.68,10.0,-369.68,-50.14
2024-07-06 13:30:00+00:00,-369.68,10.0,-369.68,-50.14
2024-07-06 13:45:00+00:00,-369.68,10.0,-369.68,-50.14
2024-07-06 14:00:00+00:00,-369.68,10.0,-369.68,-50.14
2024-07-06 14:15:00+00:00,-249.68,10.0,-249.68,-1.03
2024-07-06 14:30:00+00:00,-249.68,10.0,-249.68,-1.03
2024-07-06 14:45:00+00:00,-249.68,10.0,-249.68,-1.03
2024-07-06 15:00:00+00:00,-249.68,10.0,-249.68,-1.03
2024-07-06 15:15:00+00:00,-150.0,0.0,-150.0,271.29
2024-07-06 15:30:00+00:00,-150.0,0.0,-150.0,271.29
2024-07-06 15:45:00+00:00,-150.0,0.0,-150.0,271.29
2024-07-06 16:00:00+00:00,-150.0,0.0,-150.0,271.29
2024-07-06 16:15:00+00:00,-27.84,0.0,-27.84,476.41
2024-07-06 16:30:00+00:00,41.11,0.0,41.11,476.41
2024-07-06 16:45:00+00:00,185.98,0.0,185.98,476.41
2024-07-06 17:00:00+00:00,375.79,0.0,375.79,476.41
2024-07-06 17:15:00+00:00,61.1,0.0,61.1,440.79
2024-07-06 17:30:00+00:00,53.33,0.0,53.33,440.79
2024-07-06 17:45:00+00:00,89.03,0.0,89.03,440.79
2024-07-06 18:00:00+00:00,289.98,0.0,289.98,440.79
2024-07-06 18:15:00+00:00,319.75,0.0,319.75,520.6
2024-07-06 18:30:00+00:00,126.1,0.0,126.1,520.6
2024-07-06 18:45:00+00:00,115.07,0.0,115.07,520.6
2024-07-06 19:00:00+00:00,101.16,0.0,101.16,520.6
2024-07-06 19:15:00+00:00,403.0,0.0,403.0,536.8
2024-07-06 19:30:00+00:00,382.23,0.0,382.23,536.8
2024-07-06 19:45:00+00:00,382.23,0.0,382.23,536.8
2024-07-06 20:00:00+00:00,329.39,0.0,329.39,536.8
2024-07-06 20:15:00+00:00,387.0,10.0,387.0,529.81
2024-07-06 20:30:00+00:00,332.93,10.0,332.93,529.81
2024-07-06 20:45:00+00:00,127.16,10.0,127.16,529.81
2024-07-06 21:00:00+00:00,95.16,10.0,95.16,529.81
2024-07-06 21:15:00+00:00,314.0,10.0,314.0,405.69
2024-07-06 21:30:00+00:00,313.0,10.0,313.0,405.69
2024-07-06 21:45:00+00:00,81.32,10.0,81.32,405.69
2024-07-06 22:00:00+00:00,51.11,10.0,51.11,405.69
2024-07-06 22:15:00+00:00,-107.62,10.0,-107.62,247.85
2024-07-06 22:30:00+00:00,-107.62,10.0,-107.62,247.85
2024-07-06 22:45:00+00:00,-305.44,10.0,-305.44,247.85
2024-07-06 23:00:00+00:00,-374.08,10.0,-374.08,247.85
2024-07-06 23:15:00+00:00,-462.96,10.0,-462.96,297.48
2024-07-06 23:30:00+00:00,-462.96,10.0,-462.96,297.48
2024-07-06 23:45:00+00:00,-462.96,10.0,-462.96,297.48
2024-07-07 00:00:00+00:00,-462.96,10.0,-462.96,297.48
2024-07-07 00:15:00+00:00,-462.96,10.0,-462.96,328.12
2024-07-07 00:30:00+00:00,-462.96,10.0,-462.96,328.12
2024-07-07 00:45:00+00:00,-374.08,10.0,-374.08,328.12
2024-07-07 01:00:00+00:00,-374.08,10.0,-374.08,328.12
2024-07-07 01:15:00+00:00,-305.44,10.0,-305.44,304.33
2024-07-07 01:30:00+00:00,-107.62,10.0,-107.62,304.33
2024-07-07 01:45:00+00:00,10.63,10.0,10.63,304.33
2024-07-07 02:00:00+00:00,304.33,10.0,312.0,304.33
2024-07-07 02:15:00+00:00,299.53,10.0,316.0,299.53
2024-07-07 02:30:00+00:00,299.53,10.0,313.0,299.53
2024-07-07 02:45:00+00:00,40.1,10.0,40.1,299.53
2024-07-07 03:00:00+00:00,40.1,10.0,40.1,299.53
2024-07-07 03:15:00+00:00,306.0,0.0,306.0,306.22
2024-07-07 03:30:00+00:00,302.0,0.0,302.0,306.22
2024-07-07 03:45:00+00:00,30.1,0.0,30.1,306.22
2024-07-07 04:00:00+00:00,30.1,0.0,30.1,306.22
2024-07-07 04:15:00+00:00,301.0,0.0,301.0,319.72
2024-07-07 04:30:00+00:00,304.0,0.0,304.0,319.72
2024-07-07 04:45:00+00:00,306.0,0.0,306.0,319.72
2024-07-07 05:00:00+00:00,306.0,0.0,306.0,319.72
2024-07-07 05:15:00+00:00,259.89,0.0,305.0,259.89
2024-07-07 05:30:00+00:00,259.89,0.0,302.0,259.89
2024-07-07 05:45:00+00:00,41.33,0.0,41.33,259.89
2024-07-07 06:00:00+00:00,30.1,0.0,30.1,259.89
2024-07-07 06:15:00+00:00,51.33,10.0,51.33,149.23
2024-07-07 06:30:00+00:00,46.44,10.0,46.44,149.23
2024-07-07 06:45:00+00:00,33.33,10.0,33.33,149.23
2024-07-07 07:00:00+00:00,-150.0,0.0,-150.0,149.23
2024-07-07 07:15:00+00:00,-140.0,10.0,-140.0,0.0
2024-07-07 07:30:00+00:00,-140.0,10.0,-140.0,0.0
2024-07-07 07:45:00+00:00,-140.0,10.0,-140.0,0.0
2024-07-07 08:00:00+00:00,-140.0,10.0,-140.0,0.0
2024-07-07 08:15:00+00:00,-140.0,10.0,-140.0,-34.03
2024-07-07 08:30:00+00:00,-457.54,10.0,-457.54,-34.03
2024-07-07 08:45:00+00:00,-457.54,10.0,-457.54,-34.03
2024-07-07 09:00:00+00:00,-457.54,10.0,-457.54,-34.03
2024-07-07 09:15:00+00:00,-457.54,10.0,-457.54,-49.33
2024-07-07 09:30:00+00:00,-457.54,10.0,-457.54,-49.33
2024-07-07 09:45:00+00:00,-457.54,10.0,-457.54,-49.33
2024-07-07 10:00:00+00:00,-457.54,10.0,-457.54,-49.33
2024-07-07 10:15:00+00:00,-457.54,10.0,-457.54,-8.49
2024-07-07 10:30:00+00:00,-457.54,10.0,-457.54,-8.49
2024-07-07 10:45:00+00:00,-457.54,10.0,-457.54,-8.49
2024-07-07 11:00:00+00:00,-457.54,10.0,-457.54,-8.49
2024-07-07 11:15:00+00:00,-457.54,10.0,-457.54,10.71
2024-07-07 11:30:00+00:00,-457.54,10.0,-457.54,10.71
2024-07-07 11:45:00+00:00,-457.54,10.0,-457.54,10.71
2024-07-07 12:00:00+00:00,-457.54,10.0,-457.54,10.71
2024-07-07 12:15:00+00:00,-457.54,10.0,-457.54,209.62
2024-07-07 12:30:00+00:00,-140.0,10.0,-140.0,209.62
2024-07-07 12:45:00+00:00,-140.0,10.0,-140.0,209.62
2024-07-07 13:00:00+00:00,32.34,10.0,32.34,209.62
2024-07-07 13:15:00+00:00,313.0,10.0,313.0,343.68
2024-07-07 13:30:00+00:00,32.34,10.0,32.34,343.68
2024-07-07 13:45:00+00:00,77.1,10.0,77.1,343.68
2024-07-07 14:00:00+00:00,312.0,10.0,312.0,343.68
2024-07-07 14:15:00+00:00,348.1,10.0,348.1,424.85
2024-07-07 14:30:00+00:00,349.1,10.0,349.1,424.85
2024-07-07 14:45:00+00:00,444.72,10.0,444.72,424.85
2024-07-07 15:00:00+00:00,622.62,10.0,622.62,424.85
2024-07-07 15:15:00+00:00,611.99,0.0,611.99,516.57
2024-07-07 15:30:00+00:00,516.57,0.0,471.27,516.57
2024-07-07 15:45:00+00:00,661.15,0.0,661.15,516.57
2024-07-07 16:00:00+00:00,663.54,0.0,663.54,516.57
2024-07-07 16:15:00+00:00,561.65,0.0,529.55,561.65
2024-07-07 16:30:00+00:00,498.75,0.0,498.75,561.65
2024-07-07 16:45:00+00:00,652.52,0.0,652.52,561.65
2024-07-07 17:00:00+00:00,661.15,0.0,661.15,561.65
2024-07-07 17:15:00+00:00,684.52,0.0,684.52,664.51
2024-07-07 17:30:00+00:00,578.0,0.0,578.0,664.51
2024-07-07 17:45:00+00:00,664.51,0.0,604.83,664.51
2024-07-07 18:00:00+00:00,664.51,0.0,576.16,664.51
2024-07-07 18:15:00+00:00,488.75,0.0,488.75,685.21
2024-07-07 18:30:00+00:00,421.38,0.0,421.38,685.21
2024-07-07 18:45:00+00:00,422.38,0.0,422.38,685.21
2024-07-07 19:00:00+00:00,421.38,0.0,421.38,685.21
2024-07-07 19:15:00+00:00,388.8,0.0,388.8,682.73
2024-07-07 19:30:00+00:00,388.8,0.0,388.8,682.73
2024-07-07 19:45:00+00:00,385.58,0.0,385.58,682.73
2024-07-07 20:00:00+00:00,380.28,0.0,380.28,682.73
2024-07-07 20:15:00+00:00,525.87,10.0,588.0,525.87
2024-07-07 20:30:00+00:00,525.87,10.0,587.0,525.87
2024-07-07 20:45:00+00:00,435.38,10.0,435.38,525.87
2024-07-07 21:00:00+00:00,431.38,10.0,431.38,525.87
2024-07-07 21:15:00+00:00,436.38,10.0,436.38,454.29
2024-07-07 21:30:00+00:00,454.29,10.0,463.9,454.29
2024-07-07 21:45:00+00:00,405.25,10.0,405.25,454.29
2024-07-07 22:00:00+00:00,336.99,10.0,336.99,454.29
2024-07-07 22:15:00+00:00,327.5,10.0,327.5,371.11
2024-07-07 22:30:00+00:00,308.4,10.0,308.4,371.11
2024-07-07 22:45:00+00:00,295.07,10.0,295.07,371.11
2024-07-07 23:00:00+00:00,308.4,10.0,308.4,371.11
2024-07-07 23:15:00+00:00,327.5,10.0,327.5,349.12
2024-07-07 23:30:00+00:00,295.07,10.0,295.07,349.12
2024-07-07 23:45:00+00:00,222.48,10.0,222.48,349.12
2024-07-08 00:00:00+00:00,132.11,10.0,132.11,349.12
2024-07-08 00:15:00+00:00,308.4,10.0,308.4,341.41
2024-07-08 00:30:00+00:00,308.4,10.0,308.4,341.41
2024-07-08 00:45:00+00:00,153.11,10.0,153.11,341.41
2024-07-08 01:00:00+00:00,153.11,10.0,153.11,341.41
2024-07-08 01:15:00+00:00,308.4,10.0,308.4,339.69
2024-07-08 01:30:00+00:00,308.4,10.0,308.4,339.69
2024-07-08 01:45:00+00:00,308.4,10.0,308.4,339.69
2024-07-08 02:00:00+00:00,332.75,10.0,332.75,339.69
2024-07-08 02:15:00+00:00,212.48,0.0,212.48,339.35
2024-07-08 02:30:00+00:00,132.05,0.0,132.05,339.35
2024-07-08 02:45:00+00:00,278.71,0.0,278.71,339.35
2024-07-08 03:00:00+00:00,298.4,0.0,298.4,339.35
2024-07-08 03:15:00+00:00,229.28,0.0,229.28,349.29
2024-07-08 03:30:00+00:00,212.48,0.0,212.48,349.29
2024-07-08 03:45:00+00:00,349.29,0.0,353.83,349.29
2024-07-08 04:00:00+00:00,349.29,0.0,359.83,349.29
2024-07-08 04:15:00+00:00,326.27,0.0,326.27,532.68
2024-07-08 04:30:00+00:00,323.06,0.0,323.06,532.68
2024-07-08 04:45:00+00:00,390.42,0.0,390.42,532.68
2024-07-08 05:00:00+00:00,496.85,0.0,496.85,532.68
2024-07-08 05:15:00+00:00,556.21,10.0,564.48,556.21
2024-07-08 05:30:00+00:00,556.21,10.0,563.48,556.21
2024-07-08 05:45:00+00:00,556.21,10.0,564.48,556.21
2024-07-08 06:00:00+00:00,556.21,10.0,562.48,556.21
2024-07-08 06:15:00+00:00,489.91,10.0,499.95,489.91
2024-07-08 06:30:00+00:00,456.37,10.0,456.37,489.91
2024-07-08 06:45:00+00:00,361.21,10.0,361.21,489.91
2024-07-08 07:00:00+00:00,291.84,10.0,291.84,489.91
2024-07-08 07:15:00+00:00,250.28,10.0,250.28,389.75
2024-07-08 07:30:00+00:00,147.06,10.0,147.06,389.75
2024-07-08 07:45:00+00:00,104.07,0.0,104.07,389.75
2024-07-08 08:00:00+00:00,79.12,0.0,79.12,389.75
2024-07-08 08:15:00+00:00,62.12,0.0,62.12,347.62
2024-07-08 08:30:00+00:00,56.31,0.0,56.31,347.62
2024-07-08 08:45:00+00:00,51.05,0.0,51.05,347.62
2024-07-08 09:00:00+00:00,50.1,0.0,50.1,347.62
2024-07-08 09:15:00+00:00,41.11,0.0,41.11,347.54
2024-07-08 09:30:00+00:00,36.16,0.0,36.16,347.54
2024-07-08 09:45:00+00:00,36.16,0.0,36.16,347.54
2024-07-08 10:00:00+00:00,35.05,0.0,35.05,347.54
2024-07-08 10:15:00+00:00,25.11,0.0,25.11,348.05
2024-07-08 10:30:00+00:00,51.11,10.0,51.11,348.05
2024-07-08 10:45:00+00:00,62.16,10.0,62.16,348.05
2024-07-08 11:00:00+00:00,68.32,10.0,68.32,348.05
2024-07-08 11:15:00+00:00,92.1,10.0,92.1,354.48
2024-07-08 11:30:00+00:00,111.16,10.0,111.16,354.48
2024-07-08 11:45:00+00:00,116.11,10.0,116.11,354.48
2024-07-08 12:00:00+00:00,111.16,10.0,111.16,354.48
2024-07-08 12:15:00+00:00,92.1,10.0,92.1,360.26
2024-07-08 12:30:00+00:00,81.32,10.0,81.32,360.26
2024-07-08 12:45:00+00:00,70.08,10.0,70.08,360.26
2024-07-08 13:00:00+00:00,66.31,10.0,66.31,360.26
2024-07-08 13:15:00+00:00,71.03,10.0,71.03,379.42
2024-07-08 13:30:00+00:00,76.1,10.0,76.1,379.42
2024-07-08 13:45:00+00:00,94.32,10.0,94.32,379.42
2024-07-08 14:00:00+00:00,127.16,10.0,127.16,379.42
2024-07-08 14:15:00+00:00,342.79,10.0,342.79,423.18
2024-07-08 14:30:00+00:00,423.18,10.0,426.72,423.18
2024-07-08 14:45:00+00:00,423.18,10.0,428.72,423.18
2024-07-08 15:00:00+00:00,423.18,10.0,429.72,423.18
2024-07-08 15:15:00+00:00,306.72,0.0,306.72,451.04
2024-07-08 15:30:00+00:00,306.72,0.0,306.72,451.04
2024-07-08 15:45:00+00:00,451.04,0.0,507.0,451.04
2024-07-08 16:00:00+00:00,700.0,0.0,700.0,451.04
2024-07-08 16:15:00+00:00,490.57,0.0,490.57,710.46
2024-07-08 16:30:00+00:00,396.89,0.0,396.89,710.46
2024-07-08 16:45:00+00:00,710.46,0.0,810.42,710.46
2024-07-08 17:00:00+00:00,710.46,0.0,817.42,710.46
2024-07-08 17:15:00+00:00,984.79,0.0,1189.18,984.79
2024-07-08 17:30:00+00:00,984.79,0.0,1192.18,984.79
2024-07-08 17:45:00+00:00,984.79,0.0,552.99,984.79
2024-07-08 18:00:00+00:00,984.79,10.0,733.19,984.79
2024-07-08 18:15:00+00:00,1409.56,10.0,1055.65,1409.56
2024-07-08 18:30:00+00:00,1409.56,11.16,1147.85,1409.56
2024-07-08 18:45:00+00:00,1409.56,10.0,1146.69,1409.56
2024-07-08 19:00:00+00:00,1409.56,10.0,940.22,1409.56
2024-07-08 19:15:00+00:00,1120.57,10.0,565.49,1120.57
2024-07-08 19:30:00+00:00,1120.57,0.0,542.99,1120.57
2024-07-08 19:45:00+00:00,1120.57,0.0,1202.57,1120.57
2024-07-08 20:00:00+00:00,1120.57,0.0,1199.57,1120.57
2024-07-08 20:15:00+00:00,751.04,10.0,552.99,751.04
2024-07-08 20:30:00+00:00,751.04,10.0,557.99,751.04
2024-07-08 20:45:00+00:00,751.04,10.0,867.46,751.04
2024-07-08 21:00:00+00:00,751.04,10.0,863.46,751.04
2024-07-08 21:15:00+00:00,557.99,10.0,557.99,510.27
2024-07-08 21:30:00+00:00,555.49,10.0,555.49,510.27
2024-07-08 21:45:00+00:00,510.27,10.0,528.0,510.27
2024-07-08 22:00:00+00:00,510.27,10.0,524.0,510.27
2024-07-08 22:15:00+00:00,524.95,10.0,492.25,524.95
2024-07-08 22:30:00+00:00,524.95,10.0,516.2,524.95
2024-07-08 22:45:00+00:00,524.95,10.0,470.88,524.95
2024-07-08 23:00:00+00:00,444.0,10.0,444.0,524.95
2024-07-08 23:15:00+00:00,434.13,10.0,426.06,434.13
2024-07-08 23:30:00+00:00,363.9,10.0,363.9,434.13
2024-07-08 23:45:00+00:00,362.9,10.0,362.9,434.13
2024-07-09 00:00:00+00:00,362.9,10.0,362.9,434.13
2024-07-09 00:15:00+00:00,425.3,10.0,425.3,407.35
2024-07-09 00:30:00+00:00,333.65,10.0,333.65,407.35
2024-07-09 00:45:00+00:00,333.0,10.0,333.0,407.35
2024-07-09 01:00:00+00:00,336.78,10.0,336.78,407.35
2024-07-09 01:15:00+00:00,336.78,10.0,336.78,396.49
2024-07-09 01:30:00+00:00,326.78,0.0,326.78,396.49
2024-07-09 01:45:00+00:00,326.78,0.0,326.78,396.49
2024-07-09 02:00:00+00:00,411.8,0.0,411.8,396.49
2024-07-09 02:15:00+00:00,377.41,0.0,460.32,377.41
2024-07-09 02:30:00+00:00,325.8,0.0,325.8,377.41
2024-07-09 02:45:00+00:00,325.8,0.0,325.8,377.41
2024-07-09 03:00:00+00:00,323.8,0.0,323.8,377.41
2024-07-09 03:15:00+00:00,408.68,0.0,476.14,408.68
2024-07-09 03:30:00+00:00,337.4,0.0,337.4,408.68
2024-07-09 03:45:00+00:00,401.89,0.0,401.89,408.68
2024-07-09 04:00:00+00:00,408.68,0.0,471.22,408.68
2024-07-09 04:15:00+00:00,443.25,0.0,443.25,473.4
2024-07-09 04:30:00+00:00,443.25,0.0,443.25,473.4
2024-07-09 04:45:00+00:00,473.4,0.0,473.16,473.4
2024-07-09 05:00:00+00:00,485.38,0.0,485.38,473.4
2024-07-09 05:15:00+00:00,523.19,10.0,523.19,450.0
2024-07-09 05:30:00+00:00,450.0,10.0,545.15,450.0
2024-07-09 05:45:00+00:00,450.0,10.0,539.91,450.0
2024-07-09 06:00:00+00:00,450.0,10.0,538.73,450.0
2024-07-09 06:15:00+00:00,618.58,10.0,618.58,578.04
2024-07-09 06:30:00+00:00,686.95,10.0,686.95,578.04
2024-07-09 06:45:00+00:00,617.95,10.0,617.95,578.04
2024-07-09 07:00:00+00:00,578.04,10.0,539.8,578.04
2024-07-09 07:15:00+00:00,568.0,10.0,568.0,357.13
2024-07-09 07:30:00+00:00,511.51,10.0,511.51,357.13
2024-07-09 07:45:00+00:00,357.13,10.0,504.42,357.13
2024-07-09 08:00:00+00:00,357.13,10.0,407.02,357.13
2024-07-09 08:15:00+00:00,250.01,0.0,387.31,250.01
2024-07-09 08:30:00+00:00,250.01,0.0,384.02,250.01
2024-07-09 08:45:00+00:00,250.01,0.0,359.0,250.01
2024-07-09 09:00:00+00:00,250.01,0.0,387.31,250.01
2024-07-09 09:15:00+00:00,301.0,0.0,356.0,301.0
2024-07-09 09:30:00+00:00,301.0,10.0,369.0,301.0
2024-07-09 09:45:00+00:00,301.0,10.0,365.0,301.0
2024-07-09 10:00:00+00:00,301.0,10.0,366.0,301.0
2024-07-09 10:15:00+00:00,250.9,10.0,364.0,250.9
2024-07-09 10:30:00+00:00,250.9,10.0,365.0,250.9
2024-07-09 10:45:00+00:00,250.9,10.0,367.0,250.9
2024-07-09 11:00:00+00:00,250.9,0.0,358.0,250.9
2024-07-09 11:15:00+00:00,304.47,10.0,367.0,304.47
2024-07-09 11:30:00+00:00,304.47,10.0,400.55,304.47
2024-07-09 11:45:00+00:00,304.47,10.0,397.31,304.47
2024-07-09 12:00:00+00:00,304.47,0.0,355.0,304.47
2024-07-09 12:15:00+00:00,310.71,0.0,351.0,310.71
2024-07-09 12:30:00+00:00,310.71,0.0,356.0,310.71
2024-07-09 12:45:00+00:00,310.71,10.0,367.0,310.71
2024-07-09 13:00:00+00:00,310.71,0.0,351.0,310.71
2024-07-09 13:15:00+00:00,285.8,0.0,285.8,367.57
2024-07-09 13:30:00+00:00,101.16,0.0,101.16,367.57
2024-07-09 13:45:00+00:00,122.44,10.0,122.44,367.57
2024-07-09 14:00:00+00:00,362.0,10.0,362.0,367.57
2024-07-09 14:15:00+00:00,110.05,10.0,110.05,365.13
2024-07-09 14:30:00+00:00,86.36,10.0,86.36,365.13
2024-07-09 14:45:00+00:00,109.44,10.0,109.44,365.13
2024-07-09 15:00:00+00:00,309.17,10.0,309.17,365.13
2024-07-09 15:15:00+00:00,122.11,0.0,122.11,450.43
2024-07-09 15:30:00+00:00,121.06,0.0,121.06,450.43
2024-07-09 15:45:00+00:00,324.67,0.0,324.67,450.43
2024-07-09 16:00:00+00:00,403.0,0.0,403.0,450.43
2024-07-09 16:15:00+00:00,446.52,0.0,446.52,614.36
2024-07-09 16:30:00+00:00,503.18,0.0,503.18,614.36
2024-07-09 16:45:00+00:00,614.36,0.0,531.67,614.36
2024-07-09 17:00:00+00:00,726.58,10.0,726.58,614.36
2024-07-09 17:15:00+00:00,969.69,10.0,620.45,969.69
2024-07-09 17:30:00+00:00,969.69,10.0,869.89,969.69
2024-07-09 17:45:00+00:00,1012.36,10.0,1012.36,969.69
2024-07-09 18:00:00+00:00,1027.0,10.0,1027.0,969.69
2024-07-09 18:15:00+00:00,1070.15,14.15,1070.15,1017.22
2024-07-09 18:30:00+00:00,1064.39,15.39,1064.39,1017.22
2024-07-09 18:45:00+00:00,1017.22,10.05,987.14,1017.22
2024-07-09 19:00:00+00:00,1017.22,10.0,719.27,1017.22
2024-07-09 19:15:00+00:00,699.75,10.0,620.45,699.75
2024-07-09 19:30:00+00:00,699.75,10.0,731.0,699.75
2024-07-09 19:45:00+00:00,452.26,10.0,452.26,699.75
2024-07-09 20:00:00+00:00,331.49,10.0,331.49,699.75
2024-07-09 20:15:00+00:00,513.0,10.0,513.0,567.69
2024-07-09 20:30:00+00:00,516.0,10.0,516.0,567.69
2024-07-09 20:45:00+00:00,460.78,10.0,460.78,567.69
2024-07-09 21:00:00+00:00,312.72,0.0,312.72,567.69
2024-07-09 21:15:00+00:00,400.0,10.0,400.0,531.28
2024-07-09 21:30:00+00:00,402.0,10.0,402.0,531.28
2024-07-09 21:45:00+00:00,396.0,10.0,396.0,531.28
2024-07-09 22:00:00+00:00,262.28,0.0,262.28,531.28
2024-07-09 22:15:00+00:00,335.61,10.0,335.61,458.39
2024-07-09 22:30:00+00:00,404.0,10.0,404.0,458.39
2024-07-09 22:45:00+00:00,332.42,10.0,332.42,458.39
2024-07-09 23:00:00+00:00,389.09,10.0,389.09,458.39
2024-07-09 23:15:00+00:00,340.34,0.0,358.0,340.34
2024-07-09 23:30:00+00:00,340.34,10.0,369.0,340.34
2024-07-09 23:45:00+00:00,340.34,0.0,358.0,340.34
2024-07-10 00:00:00+00:00,340.34,0.0,474.56,340.34
2024-07-10 00:15:00+00:00,413.64,0.0,413.64,311.6
2024-07-10 00:30:00+00:00,412.69,0.0,412.69,311.6
2024-07-10 00:45:00+00:00,399.44,0.0,399.44,311.6
2024-07-10 01:00:00+00:00,399.44,0.0,399.44,311.6
2024-07-10 01:15:00+00:00,408.62,0.0,408.62,311.22
2024-07-10 01:30:00+00:00,408.62,0.0,408.62,311.22
2024-07-10 01:45:00+00:00,413.64,0.0,413.64,311.22
2024-07-10 02:00:00+00:00,408.62,0.0,408.62,311.22
2024-07-10 02:15:00+00:00,382.15,0.0,382.15,330.83
2024-07-10 02:30:00+00:00,330.83,0.0,436.07,330.83
2024-07-10 02:45:00+00:00,330.83,0.0,357.0,330.83
2024-07-10 03:00:00+00:00,330.83,0.0,355.0,330.83
2024-07-10 03:15:00+00:00,330.11,0.0,354.0,330.11
2024-07-10 03:30:00+00:00,330.11,0.0,352.0,330.11
2024-07-10 03:45:00+00:00,106.11,0.0,106.11,330.11
2024-07-10 04:00:00+00:00,330.11,0.0,354.0,330.11
2024-07-10 04:15:00+00:00,453.0,0.0,453.0,474.16
2024-07-10 04:30:00+00:00,459.0,0.0,459.0,474.16
2024-07-10 04:45:00+00:00,501.33,0.0,501.33,474.16
2024-07-10 05:00:00+00:00,534.34,0.0,534.34,474.16
2024-07-10 05:15:00+00:00,547.55,10.0,547.55,453.74
2024-07-10 05:30:00+00:00,646.65,44.05,646.65,453.74
2024-07-10 05:45:00+00:00,709.87,52.91,709.87,453.74
2024-07-10 06:00:00+00:00,829.88,116.4,829.88,453.74
2024-07-10 06:15:00+00:00,916.92,200.44,916.92,434.9
2024-07-10 06:30:00+00:00,938.02,216.49,938.02,434.9
2024-07-10 06:45:00+00:00,949.8,228.77,949.8,434.9
2024-07-10 07:00:00+00:00,770.17,47.64,770.17,434.9
2024-07-10 07:15:00+00:00,816.77,53.49,816.77,362.08
2024-07-10 07:30:00+00:00,788.94,45.66,788.94,362.08
2024-07-10 07:45:00+00:00,610.07,10.0,610.07,362.08
2024-07-10 08:00:00+00:00,544.34,10.0,544.34,362.08
2024-07-10 08:15:00+00:00,544.96,10.0,544.96,277.11
2024-07-10 08:30:00+00:00,535.08,10.0,535.08,277.11
2024-07-10 08:45:00+00:00,277.11,10.0,369.0,277.11
2024-07-10 09:00:00+00:00,277.11,10.0,366.0,277.11
2024-07-10 09:15:00+00:00,234.4,10.0,367.0,234.4
2024-07-10 09:30:00+00:00,234.4,10.0,365.0,234.4
2024-07-10 09:45:00+00:00,234.4,10.0,364.0,234.4
2024-07-10 10:00:00+00:00,234.4,10.0,362.0,234.4
2024-07-10 10:15:00+00:00,63.33,10.0,63.33,140.94
2024-07-10 10:30:00+00:00,58.16,10.0,58.16,140.94
2024-07-10 10:45:00+00:00,58.16,10.0,58.16,140.94
2024-07-10 11:00:00+00:00,74.16,10.0,74.16,140.94
2024-07-10 11:15:00+00:00,0.04,10.0,0.04,144.31
2024-07-10 11:30:00+00:00,23.36,10.0,23.36,144.31
2024-07-10 11:45:00+00:00,84.44,10.0,84.44,144.31
2024-07-10 12:00:00+00:00,89.33,10.0,89.33,144.31
2024-07-10 12:15:00+00:00,89.33,10.0,89.33,192.7
2024-07-10 12:30:00+00:00,81.32,10.0,81.32,192.7
2024-07-10 12:45:00+00:00,192.7,10.0,363.0,192.7
2024-07-10 13:00:00+00:00,192.7,10.0,450.34,192.7
2024-07-10 13:15:00+00:00,296.0,10.0,392.31,296.0
2024-07-10 13:30:00+00:00,379.61,10.0,379.61,296.0
2024-07-10 13:45:00+00:00,545.58,10.0,545.58,296.0
2024-07-10 14:00:00+00:00,564.0,10.0,564.0,296.0
2024-07-10 14:15:00+00:00,544.34,10.0,544.34,321.75
2024-07-10 14:30:00+00:00,321.75,10.0,508.75,321.75
2024-07-10 14:45:00+00:00,563.0,10.0,563.0,321.75
2024-07-10 15:00:00+00:00,569.0,10.0,569.0,321.75
2024-07-10 15:15:00+00:00,534.34,0.0,534.34,475.57
2024-07-10 15:30:00+00:00,533.08,0.0,533.08,475.57
2024-07-10 15:45:00+00:00,587.0,0.0,587.0,475.57
2024-07-10 16:00:00+00:00,606.73,10.0,606.73,475.57
2024-07-10 16:15:00+00:00,670.49,10.0,634.85,670.49
2024-07-10 16:30:00+00:00,670.49,10.0,634.85,670.49
2024-07-10 16:45:00+00:00,776.23,54.23,776.23,670.49
2024-07-10 17:00:00+00:00,815.44,88.44,815.44,670.49
2024-07-10 17:15:00+00:00,1034.96,20.27,915.27,1034.96
2024-07-10 17:30:00+00:00,1034.96,41.27,967.9,1034.96
2024-07-10 17:45:00+00:00,1034.96,95.35,1021.98,1034.96
2024-07-10 18:00:00+00:00,1066.92,129.48,1066.92,1034.96
2024-07-10 18:15:00+00:00,1210.71,179.2,1210.71,1172.41
2024-07-10 18:30:00+00:00,1186.77,157.26,1186.77,1172.41
2024-07-10 18:45:00+00:00,1172.41,121.2,1147.71,1172.41
2024-07-10 19:00:00+00:00,1172.41,121.28,1148.79,1172.41
2024-07-10 19:15:00+00:00,1044.59,76.44,1007.0,1044.59
2024-07-10 19:30:00+00:00,1044.59,97.04,1027.6,1044.59
2024-07-10 19:45:00+00:00,1044.59,33.65,942.65,1044.59
2024-07-10 20:00:00+00:00,1044.59,10.03,937.58,1044.59
2024-07-10 20:15:00+00:00,768.0,10.0,768.0,693.68
2024-07-10 20:30:00+00:00,761.0,10.0,761.0,693.68
2024-07-10 20:45:00+00:00,711.65,10.0,711.65,693.68
2024-07-10 21:00:00+00:00,693.68,10.0,630.02,693.68
2024-07-10 21:15:00+00:00,620.62,10.0,620.62,577.81
2024-07-10 21:30:00+00:00,620.0,10.0,620.0,577.81
2024-07-10 21:45:00+00:00,610.58,10.0,610.58,577.81
2024-07-10 22:00:00+00:00,577.81,10.0,546.21,577.81
2024-07-10 22:15:00+00:00,521.53,10.0,518.16,521.53
2024-07-10 22:30:00+00:00,521.53,10.0,488.98,521.53
2024-07-10 22:45:00+00:00,521.53,10.0,488.98,521.53
2024-07-10 23:00:00+00:00,535.72,10.0,535.72,521.53
2024-07-10 23:15:00+00:00,538.22,10.0,538.22,433.5
2024-07-10 23:30:00+00:00,561.0,10.0,561.0,433.5
2024-07-10 23:45:00+00:00,564.0,10.0,564.0,433.5
2024-07-11 00:00:00+00:00,561.0,10.0,561.0,433.5
2024-07-11 00:15:00+00:00,552.0,10.0,552.0,400.33
2024-07-11 00:30:00+00:00,535.72,10.0,535.72,400.33
2024-07-11 00:45:00+00:00,445.2,10.0,445.2,400.33
2024-07-11 01:00:00+00:00,441.65,10.0,441.65,400.33
2024-07-11 01:15:00+00:00,441.65,10.0,441.65,390.54
2024-07-11 01:30:00+00:00,438.11,10.0,438.11,390.54
2024-07-11 01:45:00+00:00,438.11,10.0,438.11,390.54
2024-07-11 02:00:00+00:00,431.13,10.0,431.13,390.54
2024-07-11 02:15:00+00:00,355.0,0.0,355.0,391.56
2024-07-11 02:30:00+00:00,431.08,0.0,431.08,391.56
2024-07-11 02:45:00+00:00,431.08,0.0,431.08,391.56
2024-07-11 03:00:00+00:00,441.11,10.0,441.11,391.56
2024-07-11 03:15:00+00:00,441.44,0.0,441.44,393.48
2024-07-11 03:30:00+00:00,441.43,0.0,441.43,393.48
2024-07-11 03:45:00+00:00,441.44,0.0,441.44,393.48
2024-07-11 04:00:00+00:00,513.35,0.0,513.35,393.48
2024-07-11 04:15:00+00:00,540.8,0.0,526.97,540.8
2024-07-11 04:30:00+00:00,540.8,0.0,528.53,540.8
2024-07-11 04:45:00+00:00,553.78,0.0,553.78,540.8
2024-07-11 05:00:00+00:00,604.71,0.0,604.71,540.8
2024-07-11 05:15:00+00:00,684.3,10.0,684.3,511.33
2024-07-11 05:30:00+00:00,687.13,10.0,687.13,511.33
2024-07-11 05:45:00+00:00,686.3,10.0,686.3,511.33
2024-07-11 06:00:00+00:00,678.3,10.0,678.3,511.33
2024-07-11 06:15:00+00:00,540.72,10.0,540.72,463.14
2024-07-11 06:30:00+00:00,463.14,10.0,388.7,463.14
2024-07-11 06:45:00+00:00,461.0,10.0,461.0,463.14
2024-07-11 07:00:00+00:00,399.41,10.0,399.41,463.14
2024-07-11 07:15:00+00:00,412.89,10.0,412.89,524.68
2024-07-11 07:30:00+00:00,413.0,10.0,413.0,524.68
2024-07-11 07:45:00+00:00,405.86,10.0,405.86,524.68
